# region	us	variant	replace  (generated by make_variants.py from ESDB/SCOWL, Copyright Kevin Atkinson; see README.md)
GB	abettor	abetter	1
GB	abettor's	abetter's	1
GB	abettors	abetters	1
GB	abridgment	abridgement	1
GB	abridgments	abridgements	1
GB	absinthe	absinth	0
GB	accessorize	accessorise	1
GB	accessorized	accessorised	1
GB	accessorizes	accessorises	1
GB	accessorizing	accessorising	1
GB	acclimatization	acclimatisation	1
GB	acclimatize	acclimatise	1
GB	acclimatized	acclimatised	1
GB	acclimatizes	acclimatises	1
GB	acclimatizing	acclimatising	1
GB	accouter	accoutre	1
GB	accoutered	accoutred	1
GB	accoutering	accoutring	1
GB	accouterments	accoutrements	1
GB	accouters	accoutres	1
GB	acknowledgment	acknowledgement	1
GB	acknowledgments	acknowledgements	1
GB	actualization	actualisation	1
GB	actualize	actualise	1
GB	actualized	actualised	1
GB	actualizes	actualises	1
GB	actualizing	actualising	1
GB	adonizes	adonises	1
GB	advisor	adviser	1
GB	advisor's	adviser's	1
GB	advisors	advisers	1
GB	afterward	afterwards	1
GB	aggrandize	aggrandise	1
GB	aggrandized	aggrandised	1
GB	aggrandizement	aggrandisement	1
GB	aggrandizes	aggrandises	1
GB	aggrandizing	aggrandising	1
GB	aging	ageing	1
GB	aging's	ageing's	1
GB	agings	ageings	1
GB	agonize	agonise	1
GB	agonized	agonised	1
GB	agonizes	agonises	1
GB	agonizing	agonising	1
GB	agonizingly	agonisingly	1
GB	airfoil	aerofoil	1
GB	airfoils	aerofoils	1
GB	airplane	aeroplane	1
GB	airplane's	aeroplane's	1
GB	airplanes	aeroplanes	1
GB	albacore	albacores	0
GB	albacores	albacore	0
GB	albatross	albatrosses	0
GB	albatrosses	albatross	0
GB	alkalize	alkalise	1
GB	alkalized	alkalised	1
GB	alkalizes	alkalises	1
GB	alkalizing	alkalising	1
GB	alphabetization	alphabetisation	1
GB	alphabetizations	alphabetisations	1
GB	alphabetize	alphabetise	1
GB	alphabetized	alphabetised	1
GB	alphabetizer	alphabetiser	1
GB	alphabetizer's	alphabetiser's	1
GB	alphabetizers	alphabetisers	1
GB	alphabetizes	alphabetises	1
GB	alphabetizing	alphabetising	1
GB	aluminum	aluminium	1
GB	aluminum's	aluminium's	1
GB	ambiance	ambience	1
GB	ambiances	ambiences	1
GB	americanization	americanisation	1
GB	americanize	americanise	1
GB	americanized	americanised	1
GB	americanizes	americanises	1
GB	americanizing	americanising	1
GB	among	amongst	1
GB	amortizable	amortisable	1
GB	amortization	amortisation	1
GB	amortizations	amortisations	1
GB	amortize	amortise	1
GB	amortized	amortised	1
GB	amortizes	amortises	1
GB	amortizing	amortising	1
GB	amphitheater	amphitheatre	1
GB	amphitheaters	amphitheatres	1
GB	analog	analogue	1
GB	analogize	analogise	1
GB	analogized	analogised	1
GB	analogizes	analogises	1
GB	analogizing	analogising	1
GB	analogs	analogues	1
GB	analyzable	analysable	1
GB	analyze	analyse	1
GB	analyzed	analysed	1
GB	analyzer	analyser	1
GB	analyzer's	analyser's	1
GB	analyzers	analysers	1
GB	analyzes	analyses	1
GB	analyzing	analysing	1
GB	anapest	anapaest	1
GB	anapestic	anapaestic	1
GB	anapestics	anapaestics	1
GB	anapests	anapaests	1
GB	anathematize	anathematise	1
GB	anathematized	anathematised	1
GB	anathematizes	anathematises	1
GB	anathematizing	anathematising	1
GB	anatomize	anatomise	1
GB	anatomized	anatomised	1
GB	anatomizes	anatomises	1
GB	anatomizing	anatomising	1
GB	anemia	anaemia	1
GB	anemic	anaemic	1
GB	anemically	anaemically	1
GB	anesthesia	anaesthesia	1
GB	anesthesiologist	anaesthesiologist	1
GB	anesthesiologist's	anaesthesiologist's	1
GB	anesthesiologists	anaesthesiologists	1
GB	anesthesiology	anaesthesiology	1
GB	anesthetic	anaesthetic	1
GB	anesthetics	anaesthetics	1
GB	anesthetist	anaesthetist	1
GB	anesthetist's	anaesthetist's	1
GB	anesthetists	anaesthetists	1
GB	anesthetization	anaesthetisation	1
GB	anesthetize	anaesthetise	1
GB	anesthetized	anaesthetised	1
GB	anesthetizes	anaesthetises	1
GB	anesthetizing	anaesthetising	1
GB	angelfish	angelfishes	0
GB	angelfishes	angelfish	0
GB	anglicize	anglicise	0
GB	anglicized	anglicised	1
GB	anglicizes	anglicises	1
GB	anglicizing	anglicising	1
GB	annex	annexe	0
GB	annualized	annualised	1
GB	anodize	anodise	1
GB	anodized	anodised	1
GB	anodizes	anodises	1
GB	anodizing	anodising	1
GB	anons	ana	1
GB	antagonize	antagonise	1
GB	antagonized	antagonised	1
GB	antagonizes	antagonises	1
GB	antagonizing	antagonising	1
GB	antelope	antelopes	0
GB	antelopes	antelope	0
GB	anthologize	anthologise	1
GB	anthologized	anthologised	1
GB	anthologizes	anthologises	1
GB	anthologizing	anthologising	1
GB	anthropomorphize	anthropomorphise	1
GB	anti-aircraft	antiaircraft	1
GB	antiestablishment	anti-establishment	1
GB	antilabor	antilabour	1
GB	apnea	apnoea	1
GB	apneas	apnoeas	1
GB	apologize	apologise	1
GB	apologized	apologised	1
GB	apologizes	apologises	1
GB	apologizing	apologising	1
GB	apostatize	apostatise	1
GB	apostatized	apostatised	1
GB	apostatizes	apostatises	1
GB	apostatizing	apostatising	1
GB	appall	appal	1
GB	appalls	appals	1
GB	appareled	apparelled	1
GB	appareling	apparelling	1
GB	appetizer	appetiser	1
GB	appetizers	appetisers	1
GB	appetizing	appetising	1
GB	appetizingly	appetisingly	1
GB	apprize	apprise	1
GB	apprized	apprised	1
GB	apprizes	apprises	1
GB	apprizing	apprising	1
GB	arbor	arbour	1
GB	arbors	arbours	1
GB	ardor	ardour	1
GB	ardors	ardours	1
GB	armor	armour	1
GB	armor's	armour's	1
GB	armored	armoured	1
GB	armorer	armourer	1
GB	armorer's	armourer's	1
GB	armorers	armourers	1
GB	armories	armouries	1
GB	armoring	armouring	1
GB	armors	armours	1
GB	armory	armoury	1
GB	artifact	artefact	1
GB	artifact's	artefact's	1
GB	artifacts	artefacts	1
GB	ass	arse	0
GB	ass's	arse's	0
GB	asses	arses	1
GB	asshole	arsehole	1
GB	asshole's	arsehole's	1
GB	assholes	arseholes	1
GB	atomize	atomise	1
GB	atomized	atomised	1
GB	atomizer	atomiser	1
GB	atomizers	atomisers	1
GB	atomizes	atomises	1
GB	atomizing	atomising	1
GB	attitudinize	attitudinise	1
GB	attitudinized	attitudinised	1
GB	attitudinizes	attitudinises	1
GB	attitudinizing	attitudinising	1
GB	authorization	authorisation	1
GB	authorizations	authorisations	1
GB	authorize	authorise	1
GB	authorized	authorised	1
GB	authorizes	authorises	1
GB	authorizing	authorising	1
GB	automatize	automatise	1
GB	automatized	automatised	1
GB	automatizes	automatises	1
GB	automatizing	automatising	1
GB	ax	axe	1
GB	ax's	axe's	1
GB	back-pedaled	back-pedalled	0
GB	back-pedaling	back-pedalling	0
GB	back-pedalled	back-pedaled	0
GB	back-pedalling	back-pedaling	0
GB	backlighted	backlit	1
GB	backpedaled	backpedalled	1
GB	backpedaling	backpedalling	1
GB	backward	backwards	0
GB	balk	baulk	1
GB	balked	baulked	1
GB	balking	baulking	1
GB	balks	baulks	1
GB	baptize	baptise	1
GB	baptized	baptised	1
GB	baptizer	baptiser	1
GB	baptizers	baptisers	1
GB	baptizes	baptises	1
GB	baptizing	baptising	1
GB	barbarize	barbarise	1
GB	barbarized	barbarised	1
GB	barbarizes	barbarises	1
GB	barbarizing	barbarising	1
GB	bark	barque	0
GB	barks	barques	0
GB	barracuda	barracudas	0
GB	barracudas	barracuda	0
GB	barreled	barrelled	1
GB	barreling	barrelling	1
GB	bass	basses	0
GB	basses	bass	0
GB	bastardization	bastardisation	1
GB	bastardizations	bastardisations	1
GB	bastardize	bastardise	1
GB	bastardized	bastardised	1
GB	bastardizes	bastardises	1
GB	bastardizing	bastardising	1
GB	bear	bears	0
GB	bears	bear	0
GB	beaver	beavers	0
GB	beavers	beaver	0
GB	bedeviled	bedevilled	1
GB	bedeviling	bedevilling	1
GB	behavior	behaviour	1
GB	behavioral	behavioural	1
GB	behaviorally	behaviourally	1
GB	behaviorism	behaviourism	1
GB	behaviorist	behaviourist	1
GB	behaviorist's	behaviourist's	1
GB	behaviorists	behaviourists	1
GB	behaviors	behaviours	1
GB	behoove	behove	1
GB	behooved	behoved	1
GB	behooves	behoves	1
GB	behooving	behoving	1
GB	bejeweled	bejewelled	1
GB	bejeweling	bejewelling	1
GB	belabor	belabour	1
GB	belabored	belaboured	1
GB	belaboring	belabouring	1
GB	belabors	belabours	1
GB	beluga	belugas	0
GB	belugas	beluga	0
GB	beria	baeria	1
GB	beria's	baeria's	1
GB	beveled	bevelled	1
GB	beveling	bevelling	1
GB	beyer	baeyer	1
GB	beyer's	baeyer's	1
GB	bighorn	bighorns	0
GB	bighorns	bighorn	0
GB	blamable	blameable	1
GB	blond	blonde	0
GB	blond's	blonde's	0
GB	blonds	blondes	0
GB	blowzier	blowsier	1
GB	blowziest	blowsiest	1
GB	blowzy	blowsy	1
GB	bluefish	bluefishes	0
GB	bluefishes	bluefish	0
GB	bobcat	bobcats	0
GB	bobcats	bobcat	0
GB	bold-faced	boldfaced	0
GB	boldfaced	bold-faced	0
GB	bonito	bonitos	0
GB	bonitos	bonito	0
GB	bowdlerization	bowdlerisation	1
GB	bowdlerizations	bowdlerisations	1
GB	bowdlerize	bowdlerise	1
GB	bowdlerized	bowdlerised	1
GB	bowdlerizes	bowdlerises	1
GB	bowdlerizing	bowdlerising	1
GB	bream	breams	0
GB	breams	bream	0
GB	breathalyze	breathalyse	1
GB	breathalyzed	breathalysed	1
GB	breathalyzer	breathalyser	0
GB	breathalyzers	breathalysers	0
GB	breathalyzes	breathalyses	1
GB	breathalyzing	breathalysing	1
GB	brown-noser	brownnoser	0
GB	brownnoser	brown-noser	0
GB	brutalization	brutalisation	1
GB	brutalize	brutalise	1
GB	brutalized	brutalised	1
GB	brutalizes	brutalises	1
GB	brutalizing	brutalising	1
GB	buffalo	buffaloes	0
GB	buffaloes	buffalo	0
GB	bureaucratization	bureaucratisation	1
GB	bureaucratize	bureaucratise	1
GB	bureaucratized	bureaucratised	1
GB	bureaucratizes	bureaucratises	1
GB	bureaucratizing	bureaucratising	1
GB	burglarize	burglarise	1
GB	burglarized	burglarised	1
GB	burglarizes	burglarises	1
GB	burglarizing	burglarising	1
GB	bused	bussed	1
GB	buses	busses	0
GB	busheled	bushelled	1
GB	busheling	bushelling	1
GB	busing	bussing	1
GB	by-product	byproduct	0
GB	by-products	byproducts	0
GB	bye-law	bylaw	0
GB	bye-laws	bylaws	0
GB	bylaw	bye-law	0
GB	bylaws	bye-laws	0
GB	byproduct	by-product	0
GB	byproducts	by-products	0
GB	caftan	kaftan	1
GB	caftans	kaftans	1
GB	caliber	calibre	1
GB	calibers	calibres	1
GB	calisthenic	callisthenic	1
GB	calisthenics	callisthenics	1
GB	calk	caulk	1
GB	calked	caulked	1
GB	calking	caulking	1
GB	calks	caulks	1
GB	canalization	canalisation	1
GB	canalize	canalise	1
GB	canalized	canalised	1
GB	canalizes	canalises	1
GB	canalizing	canalising	1
GB	canceled	cancelled	1
GB	canceler	canceller	1
GB	cancelers	cancellers	1
GB	canceling	cancelling	1
GB	cancelous	cancellous	1
GB	candor	candour	1
GB	cannibalization	cannibalisation	1
GB	cannibalize	cannibalise	1
GB	cannibalized	cannibalised	1
GB	cannibalizes	cannibalises	1
GB	cannibalizing	cannibalising	1
GB	canonization	canonisation	1
GB	canonizations	canonisations	1
GB	canonize	canonise	1
GB	canonized	canonised	1
GB	canonizes	canonises	1
GB	canonizing	canonising	1
GB	canvasback	canvasbacks	0
GB	canvasbacks	canvasback	0
GB	capitalization	capitalisation	1
GB	capitalize	capitalise	1
GB	capitalized	capitalised	1
GB	capitalizes	capitalises	1
GB	capitalizing	capitalising	1
GB	capsulize	capsulise	1
GB	capsulized	capsulised	1
GB	capsulizes	capsulises	1
GB	capsulizing	capsulising	1
GB	caramelize	caramelise	1
GB	caramelized	caramelised	1
GB	caramelizes	caramelises	1
GB	caramelizing	caramelising	1
GB	caravansaries	caravansary	0
GB	caravansary	caravansaries	0
GB	carbonize	carbonise	1
GB	carbonized	carbonised	1
GB	carbonizes	carbonises	1
GB	carbonizing	carbonising	1
GB	carburetor	carburettor	1
GB	carburetors	carburettors	1
GB	cardie	cardiae	1
GB	caribou	caribous	0
GB	caribous	caribou	0
GB	caroled	carolled	1
GB	caroler	caroller	1
GB	caroler's	caroller's	1
GB	carolers	carollers	1
GB	caroling	carolling	1
GB	carp	carps	0
GB	carps	carp	0
GB	caster	castor	0
GB	caster's	castor's	0
GB	casters	castors	0
GB	catalog	catalogue	1
GB	catalog's	catalogue's	1
GB	cataloged	catalogued	1
GB	cataloger	cataloguer	1
GB	cataloger's	cataloguer's	1
GB	catalogers	cataloguers	1
GB	cataloging	cataloguing	1
GB	catalogs	catalogues	1
GB	catalyze	catalyse	1
GB	catalyzed	catalysed	1
GB	catalyzes	catalyses	1
GB	catalyzing	catalysing	1
GB	catch-up	ketchup	0
GB	catechize	catechise	1
GB	catechized	catechised	1
GB	catechizes	catechises	1
GB	catechizing	catechising	1
GB	categorization	categorisation	1
GB	categorization's	categorisation's	1
GB	categorizations	categorisations	1
GB	categorize	categorise	1
GB	categorized	categorised	1
GB	categorizes	categorises	1
GB	categorizing	categorising	1
GB	cater-corner	catercorner	0
GB	catercorner	cater-corner	0
GB	catfish	catfishes	0
GB	catfishes	catfish	0
GB	catheterize	catheterise	1
GB	catheterized	catheterised	1
GB	catheterizes	catheterises	1
GB	catheterizing	catheterising	1
GB	cauterization	cauterisation	1
GB	cauterize	cauterise	1
GB	cauterized	cauterised	1
GB	cauterizes	cauterises	1
GB	cauterizing	cauterising	1
GB	caviled	cavilled	1
GB	caviler	caviller	1
GB	caviler's	caviller's	1
GB	cavilers	cavillers	1
GB	caviling	cavilling	1
GB	ceca	caeca	1
GB	cecum	caecum	1
GB	celiac	coeliac	1
GB	cenobite	coenobite	1
GB	cenobite's	coenobite's	1
GB	cenobites	coenobites	1
GB	cenobitic	coenobitic	1
GB	center	centre	1
GB	center's	centre's	1
GB	centerboard	centreboard	1
GB	centerboards	centreboards	1
GB	centered	centred	1
GB	centerfold	centrefold	1
GB	centerfolds	centrefolds	1
GB	centering	centring	1
GB	centerline	centreline	1
GB	centerlines	centrelines	1
GB	centerpiece	centrepiece	1
GB	centerpieces	centrepieces	1
GB	centers	centres	1
GB	centiliter	centilitre	1
GB	centiliters	centilitres	1
GB	centimeter	centimetre	1
GB	centimeters	centimetres	1
GB	centralization	centralisation	1
GB	centralize	centralise	1
GB	centralized	centralised	1
GB	centralizer	centraliser	1
GB	centralizers	centralisers	1
GB	centralizes	centralises	1
GB	centralizing	centralising	1
GB	cere	cree	1
GB	cere's	cree's	1
GB	cered	creed	1
GB	cesar	caesar	0
GB	cesarean	caesarean	1
GB	cesareans	caesareans	1
GB	cesium	caesium	1
GB	change-up	changeup	0
GB	changeup	change-up	0
GB	channeled	channelled	1
GB	channeling	channelling	1
GB	channelization	channelisation	1
GB	channelize	channelise	1
GB	channelized	channelised	1
GB	channelizes	channelises	1
GB	channelizing	channelising	1
GB	chaperon	chaperone	1
GB	chaperon's	chaperone's	1
GB	chaperons	chaperones	1
GB	char	chars	0
GB	characterization	characterisation	1
GB	characterizations	characterisations	1
GB	characterize	characterise	1
GB	characterized	characterised	1
GB	characterizes	characterises	1
GB	characterizing	characterising	1
GB	chars	char	0
GB	check	cheque	0
GB	checkbook	chequebook	1
GB	checkbooks	chequebooks	1
GB	checker	chequer	0
GB	checker's	chequer's	0
GB	checkerboard	chequerboard	1
GB	checkerboards	chequerboards	1
GB	checkered	chequered	0
GB	checkering	chequering	0
GB	checkers	chequers	0
GB	checks	cheques	0
GB	chili	chilli	1
GB	chili's	chilli's	1
GB	chilies	chillies	1
GB	chiseled	chiselled	1
GB	chiseler	chiseller	1
GB	chiseler's	chiseller's	1
GB	chiselers	chisellers	1
GB	chiseling	chiselling	1
GB	chocolaty	chocolatey	1
GB	christianize	christianise	1
GB	chub	chubs	0
GB	chubs	chub	0
GB	circularize	circularise	1
GB	circularized	circularised	1
GB	circularizes	circularises	1
GB	circularizing	circularising	1
GB	civilization	civilisation	1
GB	civilization's	civilisation's	1
GB	civilizations	civilisations	1
GB	civilize	civilise	1
GB	civilized	civilised	1
GB	civilizes	civilises	1
GB	civilizing	civilising	1
GB	clamor	clamour	1
GB	clamored	clamoured	1
GB	clamoring	clamouring	1
GB	clamors	clamours	1
GB	clangor	clangour	1
GB	clarinetist	clarinettist	1
GB	clarinetist's	clarinettist's	1
GB	clarinetists	clarinettists	1
GB	clover	clovers	0
GB	clovers	clover	0
GB	cod	cods	0
GB	codfish	codfishes	0
GB	codfishes	codfish	0
GB	cods	cod	0
GB	cognizable	cognisable	1
GB	cognizance	cognisance	1
GB	cognizant	cognisant	1
GB	coho	cohos	0
GB	cohos	coho	0
GB	collateralize	collateralise	1
GB	collectible	collectable	1
GB	collectibles	collectables	1
GB	collectivization	collectivisation	1
GB	collectivize	collectivise	1
GB	collectivized	collectivised	1
GB	collectivizes	collectivises	1
GB	collectivizing	collectivising	1
GB	colonization	colonisation	1
GB	colonize	colonise	1
GB	colonized	colonised	1
GB	colonizer	coloniser	1
GB	colonizer's	coloniser's	1
GB	colonizers	colonisers	1
GB	colonizes	colonises	1
GB	colonizing	colonising	1
GB	color	colour	1
GB	color's	colour's	1
GB	colorant	colourant	1
GB	colorants	colourants	1
GB	colorblind	colourblind	1
GB	colorblindness	colourblindness	1
GB	colorectal	colourectal	1
GB	colored	coloured	1
GB	coloreds	coloureds	1
GB	colorfast	colourfast	1
GB	colorfastness	colourfastness	1
GB	colorful	colourful	1
GB	colorfully	colourfully	1
GB	colorfulness	colourfulness	1
GB	coloring	colouring	1
GB	colorist	colourist	1
GB	colorists	colourists	1
GB	colorization	colourisation	1
GB	colorizations	colourisations	1
GB	colorize	colourise	1
GB	colorized	colourised	1
GB	colorizes	colourises	1
GB	colorizing	colourising	1
GB	colorless	colourless	1
GB	colorlessly	colourlessly	1
GB	colorlessness	colourlessness	1
GB	colors	colours	1
GB	colorway	colourway	1
GB	colorways	colourways	1
GB	commercialization	commercialisation	1
GB	commercialize	commercialise	1
GB	commercialized	commercialised	1
GB	commercializes	commercialises	1
GB	commercializing	commercialising	1
GB	common-sense	commonsense	0
GB	commonsense	common-sense	0
GB	compartmentalization	compartmentalisation	1
GB	compartmentalize	compartmentalise	1
GB	compartmentalized	compartmentalised	1
GB	compartmentalizes	compartmentalises	1
GB	compartmentalizing	compartmentalising	1
GB	computerization	computerisation	1
GB	computerize	computerise	1
GB	computerized	computerised	1
GB	computerizes	computerises	1
GB	computerizing	computerising	1
GB	conceptualization	conceptualisation	1
GB	conceptualizations	conceptualisations	1
GB	conceptualize	conceptualise	1
GB	conceptualized	conceptualised	1
GB	conceptualizes	conceptualises	1
GB	conceptualizing	conceptualising	1
GB	concertize	concertise	1
GB	concertized	concertised	1
GB	concertizes	concertises	1
GB	concertizing	concertising	1
GB	conches	conchs	1
GB	containerization	containerisation	1
GB	containerize	containerise	1
GB	containerized	containerised	1
GB	containerizes	containerises	1
GB	containerizing	containerising	1
GB	contextualization	contextualisation	1
GB	contextualize	contextualise	1
GB	contextualized	contextualised	1
GB	contextualizes	contextualises	1
GB	contextualizing	contextualising	1
GB	conventionalize	conventionalise	1
GB	conventionalized	conventionalised	1
GB	conventionalizes	conventionalises	1
GB	conventionalizing	conventionalising	1
GB	costumier	costumire	1
GB	cougar	cougars	0
GB	cougars	cougar	0
GB	councilor	councillor	1
GB	councilor's	councillor's	1
GB	councilors	councillors	1
GB	counseled	counselled	1
GB	counseling	counselling	1
GB	counselings	counsellings	1
GB	counselor	counsellor	1
GB	counselor's	counsellor's	1
GB	counselors	counsellors	1
GB	court-martialed	court-martialled	0
GB	court-martialing	court-martialling	0
GB	court-martialled	court-martialed	0
GB	court-martialling	court-martialing	0
GB	cozied	cosied	1
GB	cozier	cosier	1
GB	cozies	cosies	1
GB	coziest	cosiest	1
GB	cozily	cosily	1
GB	coziness	cosiness	1
GB	cozy	cosy	1
GB	cozy's	cosy's	1
GB	cozying	cosying	1
GB	crappie	crappies	0
GB	crappies	crappie	0
GB	crawfishes	crawfish	1
GB	crayfish	crayfishes	0
GB	crayfishes	crayfish	0
GB	crenelate	crenellate	1
GB	crenelated	crenellated	1
GB	crenelates	crenellates	1
GB	crenelating	crenellating	1
GB	crenelation	crenellation	1
GB	crenelations	crenellations	1
GB	criminalization	criminalisation	1
GB	criminalize	criminalise	1
GB	criminalized	criminalised	1
GB	criminalizes	criminalises	1
GB	criminalizing	criminalising	1
GB	criticize	criticise	1
GB	criticized	criticised	1
GB	criticizer	criticiser	1
GB	criticizers	criticisers	1
GB	criticizes	criticises	1
GB	criticizing	criticising	1
GB	crosier	crozier	1
GB	crosiers	croziers	1
GB	cross-hatching	crosshatching	0
GB	crosshatching	cross-hatching	0
GB	crueler	crueller	1
GB	cruelest	cruellest	1
GB	crystallization	crystallisation	1
GB	crystallize	crystallise	1
GB	crystallized	crystallised	1
GB	crystallizes	crystallises	1
GB	crystallizing	crystallising	1
GB	cudgeled	cudgelled	1
GB	cudgeling	cudgelling	1
GB	curb	kerb	0
GB	curbed	kerbed	0
GB	curbing	kerbing	0
GB	curbs	kerbs	0
GB	customizable	customisable	1
GB	customization	customisation	1
GB	customize	customise	1
GB	customized	customised	1
GB	customizes	customises	1
GB	customizing	customising	1
GB	cuttlefish	cuttlefishes	0
GB	cuttlefishes	cuttlefish	0
GB	czar	tsar	1
GB	czar's	tsar's	1
GB	czars	tsars	1
GB	dace	daces	0
GB	daces	dace	0
GB	dagoes	dagos	0
GB	dagos	dagoes	0
GB	decentralization	decentralisation	1
GB	decentralize	decentralise	1
GB	decentralized	decentralised	1
GB	decentralizes	decentralises	1
GB	decentralizing	decentralising	1
GB	deciliter	decilitre	1
GB	deciliters	decilitres	1
GB	decimalization	decimalisation	1
GB	decimeter	decimetre	1
GB	decimeters	decimetres	1
GB	decolonization	decolonisation	1
GB	decolonize	decolonise	1
GB	decolonized	decolonised	1
GB	decolonizes	decolonises	1
GB	decolonizing	decolonising	1
GB	decriminalization	decriminalisation	1
GB	decriminalize	decriminalise	1
GB	decriminalized	decriminalised	1
GB	decriminalizes	decriminalises	1
GB	decriminalizing	decriminalising	1
GB	deemphasize	deemphasise	1
GB	deemphasized	deemphasised	1
GB	deemphasizes	deemphasises	1
GB	deemphasizing	deemphasising	1
GB	defense	defence	1
GB	defense's	defence's	1
GB	defensed	defenced	1
GB	defenseless	defenceless	1
GB	defenselessly	defencelessly	1
GB	defenselessness	defencelessness	1
GB	defenseman	defenceman	1
GB	defensemen	defencemen	1
GB	defenses	defences	1
GB	defensing	defencing	1
GB	dehumanization	dehumanisation	1
GB	dehumanize	dehumanise	1
GB	dehumanized	dehumanised	1
GB	dehumanizes	dehumanises	1
GB	dehumanizing	dehumanising	1
GB	delegitimize	delegitimise	1
GB	delegitimized	delegitimised	1
GB	delegitimizes	delegitimises	1
GB	delegitimizing	delegitimising	1
GB	demagnetization	demagnetisation	1
GB	demagnetize	demagnetise	1
GB	demagnetized	demagnetised	1
GB	demagnetizes	demagnetises	1
GB	demagnetizing	demagnetising	1
GB	demeanor	demeanour	1
GB	demilitarization	demilitarisation	1
GB	demilitarize	demilitarise	1
GB	demilitarized	demilitarised	1
GB	demilitarizes	demilitarises	1
GB	demilitarizing	demilitarising	1
GB	demobilization	demobilisation	1
GB	demobilize	demobilise	1
GB	demobilized	demobilised	1
GB	demobilizes	demobilises	1
GB	demobilizing	demobilising	1
GB	democratization	democratisation	1
GB	democratize	democratise	1
GB	democratized	democratised	1
GB	democratizes	democratises	1
GB	democratizing	democratising	1
GB	demonetization	demonetisation	1
GB	demonetize	demonetise	1
GB	demonetized	demonetised	1
GB	demonetizes	demonetises	1
GB	demonetizing	demonetising	1
GB	demonization	demonisation	1
GB	demonize	demonise	1
GB	demonized	demonised	1
GB	demonizes	demonises	1
GB	demonizing	demonising	1
GB	demoralization	demoralisation	1
GB	demoralize	demoralise	1
GB	demoralized	demoralised	1
GB	demoralizes	demoralises	1
GB	demoralizing	demoralising	1
GB	denationalization	denationalisation	1
GB	denationalize	denationalise	1
GB	denationalized	denationalised	1
GB	denationalizes	denationalises	1
GB	denationalizing	denationalising	1
GB	dentin	dentine	1
GB	denuclearize	denuclearise	1
GB	denuclearized	denuclearised	1
GB	denuclearizes	denuclearises	1
GB	denuclearizing	denuclearising	1
GB	deodorization	deodorisation	1
GB	deodorize	deodorise	1
GB	deodorized	deodorised	1
GB	deodorizer	deodoriser	1
GB	deodorizers	deodorisers	1
GB	deodorizes	deodorises	1
GB	deodorizing	deodorising	1
GB	departmentalization	departmentalisation	1
GB	departmentalize	departmentalise	1
GB	departmentalized	departmentalised	1
GB	departmentalizes	departmentalises	1
GB	departmentalizing	departmentalising	1
GB	dependent	dependant	0
GB	dependent's	dependant's	1
GB	dependents	dependants	1
GB	depersonalize	depersonalise	1
GB	depersonalized	depersonalised	1
GB	depersonalizes	depersonalises	1
GB	depersonalizing	depersonalising	1
GB	depolarization	depolarisation	1
GB	depolarize	depolarise	1
GB	depolarized	depolarised	1
GB	depolarizes	depolarises	1
GB	depolarizing	depolarising	1
GB	depoliticize	depoliticise	1
GB	depoliticized	depoliticised	1
GB	depoliticizes	depoliticises	1
GB	depoliticizing	depoliticising	1
GB	depressurization	depressurisation	1
GB	depressurize	depressurise	1
GB	depressurized	depressurised	1
GB	depressurizes	depressurises	1
GB	depressurizing	depressurising	1
GB	deprogram	deprogramme	1
GB	deprograms	deprogrammes	1
GB	deputize	deputise	1
GB	deputized	deputised	1
GB	deputizes	deputises	1
GB	deputizing	deputising	1
GB	desalinization	desalinisation	1
GB	desalinize	desalinise	1
GB	desalinized	desalinised	1
GB	desalinizes	desalinises	1
GB	desalinizing	desalinising	1
GB	descendant	descendent	0
GB	desensitization	desensitisation	1
GB	desensitize	desensitise	1
GB	desensitized	desensitised	1
GB	desensitizes	desensitises	1
GB	desensitizing	desensitising	1
GB	deserialization	deserialisation	1
GB	deserializations	deserialisations	1
GB	deserialize	deserialise	1
GB	deserialized	deserialised	1
GB	deserializes	deserialises	1
GB	deserializing	deserialising	1
GB	destabilization	destabilisation	1
GB	destabilize	destabilise	1
GB	destabilized	destabilised	1
GB	destabilizes	destabilises	1
GB	destabilizing	destabilising	1
GB	deviled	devilled	1
GB	deviling	devilling	1
GB	devitalize	devitalise	1
GB	devitalized	devitalised	1
GB	devitalizes	devitalises	1
GB	devitalizing	devitalising	1
GB	dialed	dialled	1
GB	dialer	dialler	1
GB	dialers	diallers	1
GB	dialing	dialling	1
GB	dialyzes	dialyses	1
GB	diarrhea	diarrhoea	1
GB	diehard	die-hard	1
GB	digitization	digitisation	1
GB	digitize	digitise	1
GB	digitized	digitised	1
GB	digitizes	digitises	1
GB	digitizing	digitising	1
GB	dike	dyke	1
GB	dike's	dyke's	1
GB	diked	dyked	1
GB	dikes	dykes	1
GB	diking	dyking	1
GB	discolor	discolour	1
GB	discolored	discoloured	1
GB	discoloring	discolouring	1
GB	discolors	discolours	1
GB	disemboweled	disembowelled	1
GB	disemboweling	disembowelling	1
GB	disfavor	disfavour	1
GB	disfavored	disfavoured	1
GB	disfavoring	disfavouring	1
GB	disfavors	disfavours	1
GB	dishabille	déshabillé	1
GB	disheveled	dishevelled	1
GB	disheveling	dishevelling	1
GB	dishonor	dishonour	1
GB	dishonorable	dishonourable	1
GB	dishonorably	dishonourably	1
GB	dishonored	dishonoured	1
GB	dishonoring	dishonouring	1
GB	dishonors	dishonours	1
GB	disorganization	disorganisation	1
GB	disorganize	disorganise	1
GB	disorganized	disorganised	1
GB	disorganizes	disorganises	1
GB	disorganizing	disorganising	1
GB	disproved	disproven	0
GB	disproven	disproved	0
GB	distill	distil	1
GB	distills	distils	1
GB	doe	does	0
GB	does	doe	0
GB	dogfish	dogfishes	0
GB	dogfishes	dogfish	0
GB	dolor	dolour	1
GB	dolors	dolours	1
GB	donut	doughnut	1
GB	donut's	doughnut's	1
GB	donuts	doughnuts	1
GB	dot-com	dotcom	0
GB	dot-coms	dotcoms	0
GB	dotcom	dot-com	0
GB	dotcoms	dot-coms	0
GB	doweled	dowelled	1
GB	doweling	dowelling	1
GB	downdraft	downdraught	1
GB	downward	downwards	0
GB	downwards	downward	0
GB	dox	doxx	0
GB	doxed	doxxed	0
GB	doxes	doxxes	0
GB	doxing	doxxing	0
GB	doxings	doxxings	0
GB	doxx	dox	0
GB	doxxed	doxed	0
GB	doxxes	doxes	0
GB	doxxing	doxing	0
GB	doxxings	doxings	0
GB	dozen	dozens	0
GB	dozens	dozen	0
GB	draft	draught	0
GB	draft's	draught's	0
GB	draftier	draughtier	1
GB	draftiest	draughtiest	1
GB	draftily	draughtily	1
GB	draftiness	draughtiness	1
GB	drafts	draughts	0
GB	draftsman	draughtsman	1
GB	draftsman's	draughtsman's	1
GB	draftsmanship	draughtsmanship	1
GB	draftsmen	draughtsmen	1
GB	draftsmen's	draughtsmen's	1
GB	draftswoman	draughtswoman	1
GB	draftswomen	draughtswomen	1
GB	drafty	draughty	1
GB	dramatization	dramatisation	1
GB	dramatizations	dramatisations	1
GB	dramatize	dramatise	1
GB	dramatized	dramatised	1
GB	dramatizes	dramatises	1
GB	dramatizing	dramatising	1
GB	drive-thru	drive-through	1
GB	drive-thrus	drive-throughs	1
GB	driveled	drivelled	1
GB	driveler	driveller	1
GB	driveler's	driveller's	1
GB	drivelers	drivellers	1
GB	driveling	drivelling	1
GB	dryly	drily	1
GB	duck	ducks	0
GB	ducks	duck	0
GB	dueled	duelled	1
GB	dueler	dueller	1
GB	dueler's	dueller's	1
GB	duelers	duellers	1
GB	dueling	duelling	1
GB	duelist	duellist	1
GB	duelist's	duellist's	1
GB	duelists	duellists	1
GB	dust-up	dustup	0
GB	dust-ups	dustups	0
GB	dustup	dust-up	0
GB	dustups	dust-ups	0
GB	economize	economise	1
GB	economized	economised	1
GB	economizer	economiser	1
GB	economizer's	economiser's	1
GB	economizers	economisers	1
GB	economizes	economises	1
GB	economizing	economising	1
GB	ecus	oecus	1
GB	edema	oedema	1
GB	editorialize	editorialise	1
GB	editorialized	editorialised	1
GB	editorializes	editorialises	1
GB	editorializing	editorialising	1
GB	eel	eels	0
GB	eels	eel	0
GB	eland	elands	0
GB	elands	eland	0
GB	elasticize	elasticise	1
GB	elasticized	elasticised	1
GB	elasticizes	elasticises	1
GB	elasticizing	elasticising	1
GB	elk	elks	0
GB	elks	elk	0
GB	embolization	embolisation	1
GB	emotionalize	emotionalise	1
GB	emotionalized	emotionalised	1
GB	emotionalizes	emotionalises	1
GB	emotionalizing	emotionalising	1
GB	empathize	empathise	1
GB	empathized	empathised	1
GB	empathizes	empathises	1
GB	empathizing	empathising	1
GB	emphasize	emphasise	1
GB	emphasized	emphasised	1
GB	emphasizes	emphasises	1
GB	emphasizing	emphasising	1
GB	enameled	enamelled	1
GB	enameler	enameller	1
GB	enamelers	enamellers	1
GB	enameling	enamelling	1
GB	enamor	enamour	1
GB	enamored	enamoured	1
GB	enamoring	enamouring	1
GB	enamors	enamours	1
GB	endeavor	endeavour	1
GB	endeavor's	endeavour's	1
GB	endeavored	endeavoured	1
GB	endeavoring	endeavouring	1
GB	endeavors	endeavours	1
GB	energize	energise	1
GB	energized	energised	1
GB	energizer	energiser	1
GB	energizer's	energiser's	1
GB	energizers	energisers	1
GB	energizes	energises	1
GB	energizing	energising	1
GB	enroll	enrol	1
GB	enrollment	enrolment	1
GB	enrollment's	enrolment's	1
GB	enrollments	enrolments	1
GB	enrolls	enrols	1
GB	enthrall	enthral	1
GB	enthrallment	enthralment	1
GB	enthralls	enthrals	1
GB	eon	aeon	1
GB	eon's	aeon's	1
GB	eons	aeons	1
GB	epaulet	epaulette	1
GB	epaulets	epaulettes	1
GB	epicenter	epicentre	1
GB	epicenters	epicentres	1
GB	epitomize	epitomise	1
GB	epitomized	epitomised	1
GB	epitomizes	epitomises	1
GB	epitomizing	epitomising	1
GB	equaled	equalled	1
GB	equaling	equalling	1
GB	equalization	equalisation	1
GB	equalize	equalise	1
GB	equalized	equalised	1
GB	equalizer	equaliser	1
GB	equalizer's	equaliser's	1
GB	equalizers	equalisers	1
GB	equalizes	equalises	1
GB	equalizing	equalising	1
GB	ermine	ermines	0
GB	ermines	ermine	0
GB	esophagi	oesophagi	1
GB	esophagus	oesophagus	1
GB	esthetician	aesthetician	1
GB	esthetician's	aesthetician's	1
GB	estheticians	aestheticians	1
GB	estradiol	oestradiol	1
GB	estrogen	oestrogen	1
GB	estrogen's	oestrogen's	1
GB	estrogens	oestrogens	1
GB	estrous	oestrous	1
GB	estrus	oestrus	1
GB	estruses	oestruses	1
GB	etiologies	aetiologies	1
GB	etiology	aetiology	1
GB	eulogize	eulogise	1
GB	eulogized	eulogised	1
GB	eulogizer	eulogiser	1
GB	eulogizers	eulogisers	1
GB	eulogizes	eulogises	1
GB	eulogizing	eulogising	1
GB	euthanize	euthanise	1
GB	euthanized	euthanised	1
GB	euthanizes	euthanises	1
GB	euthanizing	euthanising	1
GB	evangelization	evangelisation	1
GB	evangelize	evangelise	1
GB	evangelized	evangelised	1
GB	evangelizes	evangelises	1
GB	evangelizing	evangelising	1
GB	eviler	eviller	1
GB	evilest	evillest	1
GB	extemporization	extemporisation	1
GB	extemporize	extemporise	1
GB	extemporized	extemporised	1
GB	extemporizes	extemporises	1
GB	extemporizing	extemporising	1
GB	externalization	externalisation	1
GB	externalizations	externalisations	1
GB	externalize	externalise	1
GB	externalized	externalised	1
GB	externalizes	externalises	1
GB	externalizing	externalising	1
GB	factorization	factorisation	1
GB	factorize	factorise	1
GB	factorized	factorised	1
GB	factorizes	factorises	1
GB	factorizing	factorising	1
GB	fade-out	fadeout	0
GB	fadeout	fade-out	0
GB	fagot	faggot	1
GB	fagot's	faggot's	1
GB	fagots	faggots	1
GB	familiarization	familiarisation	1
GB	familiarize	familiarise	1
GB	familiarized	familiarised	1
GB	familiarizes	familiarises	1
GB	familiarizing	familiarising	1
GB	fantasize	fantasise	1
GB	fantasized	fantasised	1
GB	fantasizes	fantasises	1
GB	fantasizing	fantasising	1
GB	faradize	faradise	1
GB	faradized	faradised	1
GB	faradizing	faradising	1
GB	favor	favour	1
GB	favorable	favourable	1
GB	favorably	favourably	1
GB	favored	favoured	1
GB	favoring	favouring	1
GB	favorite	favourite	1
GB	favorite's	favourite's	1
GB	favorites	favourites	1
GB	favoritism	favouritism	1
GB	favors	favours	1
GB	fecal	faecal	1
GB	feces	faeces	1
GB	federalization	federalisation	1
GB	federalize	federalise	1
GB	federalized	federalised	1
GB	federalizes	federalises	1
GB	federalizing	federalising	1
GB	feeble-mindedness	feeblemindedness	0
GB	feeblemindedness	feeble-mindedness	0
GB	feminization	feminisation	1
GB	feminize	feminise	1
GB	feminized	feminised	1
GB	feminizes	feminises	1
GB	feminizing	feminising	1
GB	fertilization	fertilisation	1
GB	fertilize	fertilise	1
GB	fertilized	fertilised	1
GB	fertilizer	fertiliser	1
GB	fertilizers	fertilisers	1
GB	fertilizes	fertilises	1
GB	fertilizing	fertilising	1
GB	fervor	fervour	1
GB	fete	fête	1
GB	feted	fêted	1
GB	fetes	fêtes	1
GB	feting	fêting	1
GB	fetishize	fetishise	1
GB	fetishized	fetishised	1
GB	fetishizes	fetishises	1
GB	fetishizing	fetishising	1
GB	fiber	fibre	1
GB	fiber's	fibre's	1
GB	fiberboard	fibreboard	1
GB	fiberfill	fibrefill	1
GB	fiberglass	fibreglass	1
GB	fibers	fibres	1
GB	fictionalization	fictionalisation	1
GB	fictionalizations	fictionalisations	1
GB	fictionalize	fictionalise	1
GB	fictionalized	fictionalised	1
GB	fictionalizes	fictionalises	1
GB	fictionalizing	fictionalising	1
GB	finalization	finalisation	1
GB	finalize	finalise	1
GB	finalized	finalised	1
GB	finalizes	finalises	1
GB	finalizing	finalising	1
GB	fish	fishes	0
GB	fishes	fish	0
GB	flanneled	flannelled	1
GB	flanneling	flannelling	1
GB	flatfish	flatfishes	0
GB	flatfishes	flatfish	0
GB	flavor	flavour	1
GB	flavored	flavoured	1
GB	flavorful	flavourful	1
GB	flavoring	flavouring	1
GB	flavorings	flavourings	1
GB	flavorless	flavourless	1
GB	flavors	flavours	1
GB	flavorsome	flavoursome	1
GB	flier	flyer	0
GB	flier's	flyer's	1
GB	fliers	flyers	1
GB	floodlighted	floodlit	0
GB	floodlit	floodlighted	0
GB	flounder	flounders	0
GB	flounders	flounder	0
GB	flutist	flautist	1
GB	flutist's	flautist's	1
GB	flutists	flautists	1
GB	fogies	fogeys	1
GB	fogy	fogey	1
GB	fogy's	fogey's	1
GB	fontanel	fontanelle	1
GB	fontanels	fontanelles	1
GB	forgather	foregather	1
GB	forgathered	foregathered	1
GB	forgathering	foregathering	1
GB	forgathers	foregathers	1
GB	formalization	formalisation	1
GB	formalize	formalise	1
GB	formalized	formalised	1
GB	formalizes	formalises	1
GB	formalizing	formalising	1
GB	formulas	formulae	0
GB	formulas'	formulae's	0
GB	fossilization	fossilisation	1
GB	fossilize	fossilise	1
GB	fossilized	fossilised	1
GB	fossilizes	fossilises	1
GB	fossilizing	fossilising	1
GB	fowl	fowls	0
GB	fowls	fowl	0
GB	fraternization	fraternisation	1
GB	fraternize	fraternise	1
GB	fraternized	fraternised	1
GB	fraternizer	fraterniser	1
GB	fraternizers	fraternisers	1
GB	fraternizes	fraternises	1
GB	fraternizing	fraternising	1
GB	fruit	fruits	0
GB	fruits	fruit	0
GB	fueled	fuelled	1
GB	fueling	fuelling	1
GB	fulfill	fulfil	1
GB	fulfillment	fulfilment	1
GB	fulfillment's	fulfilment's	1
GB	fulfills	fulfils	1
GB	fund-raiser	fundraiser	0
GB	fund-raisers	fundraisers	0
GB	fundraiser	fund-raiser	0
GB	fundraisers	fund-raisers	0
GB	funneled	funnelled	1
GB	funneling	funnelling	1
GB	furor	furore	1
GB	furors	furores	1
GB	galvanization	galvanisation	1
GB	galvanize	galvanise	1
GB	galvanized	galvanised	1
GB	galvanizes	galvanises	1
GB	galvanizing	galvanising	1
GB	gamboled	gambolled	1
GB	gamboling	gambolling	1
GB	gar	gars	0
GB	garfish	garfishes	0
GB	garfishes	garfish	0
GB	gars	gar	0
GB	gaslighted	gaslit	0
GB	gaslit	gaslighted	0
GB	gazelle	gazelles	0
GB	gazelles	gazelle	0
GB	geisha	geishas	0
GB	geishas	geisha	0
GB	gemological	gemmological	1
GB	gemologist	gemmologist	1
GB	gemologists	gemmologists	1
GB	gemology	gemmology	1
GB	generalizability	generalisability	1
GB	generalizable	generalisable	1
GB	generalization	generalisation	1
GB	generalizations	generalisations	1
GB	generalize	generalise	1
GB	generalized	generalised	1
GB	generalizes	generalises	1
GB	generalizing	generalising	1
GB	ghettoize	ghettoise	1
GB	ghettoized	ghettoised	1
GB	ghettoizes	ghettoises	1
GB	ghettoizing	ghettoising	1
GB	gibe	jibe	1
GB	gibed	jibed	1
GB	gibes	jibes	1
GB	gibing	jibing	1
GB	gigameter	gigametre	1
GB	gigameters	gigametres	1
GB	glamorization	glamorisation	1
GB	glamorize	glamorise	1
GB	glamorized	glamorised	1
GB	glamorizes	glamorises	1
GB	glamorizing	glamorising	1
GB	globalization	globalisation	1
GB	globalization's	globalisation's	1
GB	globalize	globalise	1
GB	globalized	globalised	1
GB	globalizes	globalises	1
GB	globalizing	globalising	1
GB	glycerin	glycerine	1
GB	gnu	gnus	0
GB	gnus	gnu	0
GB	gobbledygook	gobbledegook	1
GB	goiter	goitre	1
GB	goiters	goitres	1
GB	goldfish	goldfishes	0
GB	goldfishes	goldfish	0
GB	gonorrhea	gonorrhoea	1
GB	gonorrheal	gonorrhoeal	1
GB	gormandize	gormandise	1
GB	gormandized	gormandised	1
GB	gormandizer	gormandiser	1
GB	gormandizers	gormandisers	1
GB	gormandizes	gormandises	1
GB	gormandizing	gormandising	1
GB	gotten	got	1
GB	grass-roots	grassroots	0
GB	grassroots	grass-roots	0
GB	graveled	gravelled	1
GB	graveling	gravelling	1
GB	gray	grey	0
GB	gray's	grey's	0
GB	grayed	greyed	1
GB	grayer	greyer	1
GB	grayest	greyest	1
GB	graying	greying	1
GB	grayish	greyish	1
GB	grayness	greyness	1
GB	grays	greys	1
GB	grayscale	greyscale	1
GB	grayscales	greyscales	1
GB	groin	groyne	0
GB	groins	groynes	0
GB	grouper	groupers	0
GB	groupers	grouper	0
GB	groveled	grovelled	1
GB	groveler	groveller	1
GB	groveler's	groveller's	1
GB	grovelers	grovellers	1
GB	groveling	grovelling	1
GB	grueling	gruelling	1
GB	gruelingly	gruellingly	1
GB	gynecologic	gynaecologic	1
GB	gynecological	gynaecological	1
GB	gynecologist	gynaecologist	1
GB	gynecologist's	gynaecologist's	1
GB	gynecologists	gynaecologists	1
GB	gynecology	gynaecology	1
GB	haddock	haddocks	0
GB	haddocks	haddock	0
GB	hake	hakes	0
GB	hakes	hake	0
GB	half-pipe	halfpipe	0
GB	half-pipes	halfpipes	0
GB	halfpipe	half-pipe	0
GB	halfpipes	half-pipes	0
GB	halibut	halibuts	0
GB	halibuts	halibut	0
GB	hankie	hanky	1
GB	harbor	harbour	1
GB	harbor's	harbour's	1
GB	harbored	harboured	1
GB	harboring	harbouring	1
GB	harbors	harbours	1
GB	hard-line	hardline	0
GB	hard-liner	hardliner	0
GB	hard-liners	hardliners	0
GB	hardline	hard-line	0
GB	hardliner	hard-liner	0
GB	hardliners	hard-liners	0
GB	hare	hares	0
GB	hares	hare	0
GB	harmonization	harmonisation	1
GB	harmonize	harmonise	1
GB	harmonized	harmonised	1
GB	harmonizer	harmoniser	1
GB	harmonizer's	harmoniser's	1
GB	harmonizers	harmonisers	1
GB	harmonizes	harmonises	1
GB	harmonizing	harmonising	1
GB	hart	harts	0
GB	harts	hart	0
GB	heart-rending	heartrending	0
GB	heartbroke	heartbroken	1
GB	heartrending	heart-rending	0
GB	hectometer	hectometre	1
GB	hectometers	hectometres	1
GB	hellenization	hellenisation	1
GB	hellenize	hellenise	1
GB	helloes	hellos	1
GB	hematite	haematite	1
GB	hematologic	haematologic	1
GB	hematological	haematological	1
GB	hematologist	haematologist	1
GB	hematologist's	haematologist's	1
GB	hematologists	haematologists	1
GB	hematology	haematology	1
GB	heme	haem	1
GB	hemoglobin	haemoglobin	1
GB	hemophilia	haemophilia	1
GB	hemophiliac	haemophiliac	1
GB	hemophiliac's	haemophiliac's	1
GB	hemophiliacs	haemophiliacs	1
GB	hemorrhage	haemorrhage	1
GB	hemorrhaged	haemorrhaged	1
GB	hemorrhages	haemorrhages	1
GB	hemorrhagic	haemorrhagic	1
GB	hemorrhaging	haemorrhaging	1
GB	hemorrhoid	haemorrhoid	1
GB	hemorrhoids	haemorrhoids	1
GB	herring	herrings	0
GB	herrings	herring	0
GB	highflier	high-flyer	1
GB	highfliers	high-flyers	1
GB	hind	hinds	0
GB	hinds	hind	0
GB	hippie	hippy	1
GB	hippie's	hippy's	1
GB	hoboes	hobos	1
GB	hog-tie	hogtie	0
GB	hogtie	hog-tie	0
GB	homeward	homewards	0
GB	homewards	homeward	0
GB	homogenization	homogenisation	1
GB	homogenize	homogenise	1
GB	homogenized	homogenised	1
GB	homogenizes	homogenises	1
GB	homogenizing	homogenising	1
GB	honor	honour	1
GB	honor's	honour's	1
GB	honorable	honourable	1
GB	honorableness	honourableness	1
GB	honorably	honourably	1
GB	honored	honoured	1
GB	honoree	honouree	1
GB	honoree's	honouree's	1
GB	honorees	honourees	1
GB	honorer	honourer	1
GB	honorers	honourers	1
GB	honoring	honouring	1
GB	honors	honours	1
GB	hoofs	hooves	0
GB	hooves	hoofs	0
GB	horse	horses	0
GB	horses	horse	0
GB	hospitalization	hospitalisation	1
GB	hospitalizations	hospitalisations	1
GB	hospitalize	hospitalise	1
GB	hospitalized	hospitalised	1
GB	hospitalizes	hospitalises	1
GB	hospitalizing	hospitalising	1
GB	humanization	humanisation	1
GB	humanize	humanise	1
GB	humanized	humanised	1
GB	humanizer	humaniser	1
GB	humanizers	humanisers	1
GB	humanizes	humanises	1
GB	humanizing	humanising	1
GB	humor	humour	1
GB	humored	humoured	1
GB	humoring	humouring	1
GB	humorless	humourless	1
GB	humorlessly	humourlessly	1
GB	humorlessness	humourlessness	1
GB	humors	humours	1
GB	hundredweight	hundredweights	0
GB	hundredweights	hundredweight	0
GB	hybridization	hybridisation	1
GB	hybridize	hybridise	1
GB	hybridized	hybridised	1
GB	hybridizes	hybridises	1
GB	hybridizing	hybridising	1
GB	hydrolyze	hydrolyse	1
GB	hydrolyzed	hydrolysed	1
GB	hydrolyzes	hydrolyses	1
GB	hydrolyzing	hydrolysing	1
GB	hyperglycemia	hyperglycaemia	1
GB	hypnotize	hypnotise	1
GB	hypnotized	hypnotised	1
GB	hypnotizes	hypnotises	1
GB	hypnotizing	hypnotising	1
GB	hypothesize	hypothesise	1
GB	hypothesized	hypothesised	1
GB	hypothesizes	hypothesises	1
GB	hypothesizing	hypothesising	1
GB	ibex	ibexes	0
GB	ibexes	ibex	0
GB	ibis	ibises	0
GB	ibises	ibis	0
GB	idealization	idealisation	1
GB	idealizations	idealisations	1
GB	idealize	idealise	1
GB	idealized	idealised	1
GB	idealizes	idealises	1
GB	idealizing	idealising	1
GB	idolization	idolisation	1
GB	idolize	idolise	1
GB	idolized	idolised	1
GB	idolizes	idolises	1
GB	idolizing	idolising	1
GB	imagoes	imagos	1
GB	immobilization	immobilisation	1
GB	immobilize	immobilise	1
GB	immobilized	immobilised	1
GB	immobilizer	immobiliser	1
GB	immobilizers	immobilisers	1
GB	immobilizes	immobilises	1
GB	immobilizing	immobilising	1
GB	immortalize	immortalise	1
GB	immortalized	immortalised	1
GB	immortalizes	immortalises	1
GB	immortalizing	immortalising	1
GB	immunization	immunisation	1
GB	immunizations	immunisations	1
GB	immunize	immunise	1
GB	immunized	immunised	1
GB	immunizes	immunises	1
GB	immunizing	immunising	1
GB	impala	impalas	0
GB	impalas	impala	0
GB	impaneled	impanelled	1
GB	impaneling	impanelling	1
GB	imperiled	imperilled	1
GB	imperiling	imperilling	1
GB	incentivize	incentivise	1
GB	incentivized	incentivised	1
GB	incentivizes	incentivises	1
GB	incentivizing	incentivising	1
GB	indexes	indices	0
GB	indices	indexes	0
GB	individualization	individualisation	1
GB	individualize	individualise	1
GB	individualized	individualised	1
GB	individualizes	individualises	1
GB	individualizing	individualising	1
GB	industrialization	industrialisation	1
GB	industrialize	industrialise	1
GB	industrialized	industrialised	1
GB	industrializes	industrialises	1
GB	industrializing	industrialising	1
GB	infantilize	infantilise	1
GB	infantilized	infantilised	1
GB	infantilizes	infantilises	1
GB	infantilizing	infantilising	1
GB	inflection	inflexion	1
GB	inflections	inflexions	1
GB	initialed	initialled	1
GB	initialing	initialling	1
GB	initialization	initialisation	1
GB	initialize	initialise	1
GB	initialized	initialised	1
GB	initializes	initialises	1
GB	initializing	initialising	1
GB	innuendoes	innuendos	1
GB	inquire	enquire	1
GB	inquired	enquired	1
GB	inquires	enquires	1
GB	inquiries	enquiries	1
GB	inquiring	enquiring	1
GB	inquiry	enquiry	1
GB	inquiry's	enquiry's	1
GB	installment	instalment	1
GB	installments	instalments	1
GB	instill	instil	1
GB	instills	instils	1
GB	institutionalization	institutionalisation	1
GB	institutionalize	institutionalise	1
GB	institutionalized	institutionalised	1
GB	institutionalizes	institutionalises	1
GB	institutionalizing	institutionalising	1
GB	intellectualize	intellectualise	1
GB	intellectualized	intellectualised	1
GB	intellectualizes	intellectualises	1
GB	intellectualizing	intellectualising	1
GB	internalization	internalisation	1
GB	internalize	internalise	1
GB	internalized	internalised	1
GB	internalizes	internalises	1
GB	internalizing	internalising	1
GB	internationalization	internationalisation	1
GB	internationalize	internationalise	1
GB	internationalized	internationalised	1
GB	internationalizes	internationalises	1
GB	internationalizing	internationalising	1
GB	inward	inwards	0
GB	inwards	inward	0
GB	iodize	iodise	1
GB	iodized	iodised	1
GB	iodizes	iodises	1
GB	iodizing	iodising	1
GB	ionization	ionisation	1
GB	ionize	ionise	1
GB	ionized	ionised	1
GB	ionizes	ionises	1
GB	ionizing	ionising	1
GB	ischemia	ischaemia	1
GB	ischemic	ischaemic	1
GB	italicization	italicisation	1
GB	italicize	italicise	1
GB	italicized	italicised	1
GB	italicizes	italicises	1
GB	italicizing	italicising	1
GB	itemization	itemisation	1
GB	itemize	itemise	1
GB	itemized	itemised	1
GB	itemizes	itemises	1
GB	itemizing	itemising	1
GB	jellyfish	jellyfishes	0
GB	jellyfishes	jellyfish	0
GB	jeopardize	jeopardise	1
GB	jeopardized	jeopardised	1
GB	jeopardizes	jeopardises	1
GB	jeopardizing	jeopardising	1
GB	jeweled	jewelled	1
GB	jeweler	jeweller	1
GB	jeweler's	jeweller's	1
GB	jewelers	jewellers	1
GB	jeweling	jewelling	1
GB	jewelries	jewelleries	1
GB	jewelry	jewellery	1
GB	jewelry's	jewellery's	1
GB	jibe	gybe	0
GB	jibed	gybed	0
GB	jibes	gybes	0
GB	jibing	gybing	0
GB	judgment	judgement	1
GB	judgmental	judgemental	1
GB	judgments	judgements	1
GB	kangaroo	kangaroos	0
GB	kangaroos	kangaroo	0
GB	kenneled	kennelled	1
GB	kenneling	kennelling	1
GB	ketchup	catch-up	0
GB	kiloliter	kilolitre	1
GB	kiloliters	kilolitres	1
GB	kilometer	kilometre	1
GB	kilometers	kilometres	1
GB	kindergartner	kindergartener	1
GB	kindergartner's	kindergartener's	1
GB	kindergartners	kindergarteners	1
GB	kinesthetic	kinaesthetic	1
GB	kins	kin	1
GB	labeled	labelled	1
GB	labeling	labelling	1
GB	labor	labour	1
GB	labor's	labour's	1
GB	labored	laboured	1
GB	laborer	labourer	1
GB	laborer's	labourer's	1
GB	laborers	labourers	1
GB	laboring	labouring	1
GB	labors	labours	1
GB	laborsaving	laboursaving	1
GB	laced	lacked	0
GB	lacing	lacking	0
GB	lacked	laced	0
GB	lacking	lacing	0
GB	lackluster	lacklustre	1
GB	lambaste	lambast	1
GB	lambastes	lambasts	1
GB	lasagna	lasagne	1
GB	lasagnas	lasagnes	1
GB	lead-off	leadoff	0
GB	leadoff	lead-off	0
GB	leaped	leapt	0
GB	leapt	leaped	0
GB	learned	learnt	1
GB	legalization	legalisation	1
GB	legalize	legalise	1
GB	legalized	legalised	1
GB	legalizes	legalises	1
GB	legalizing	legalising	1
GB	legitimatize	legitimatise	1
GB	legitimatized	legitimatised	1
GB	legitimatizes	legitimatises	1
GB	legitimatizing	legitimatising	1
GB	legitimization	legitimisation	1
GB	legitimize	legitimise	1
GB	legitimized	legitimised	1
GB	legitimizes	legitimises	1
GB	legitimizing	legitimising	1
GB	leukemia	leukaemia	1
GB	leukemic	leukaemic	0
GB	leukocyte	leucocyte	1
GB	leukocytes	leucocytes	1
GB	leveled	levelled	1
GB	leveler	leveller	1
GB	leveler's	leveller's	1
GB	levelers	levellers	1
GB	leveling	levelling	1
GB	libeled	libelled	1
GB	libeler	libeller	1
GB	libeler's	libeller's	1
GB	libelers	libellers	1
GB	libeling	libelling	1
GB	libelous	libellous	1
GB	liberalization	liberalisation	1
GB	liberalization's	liberalisation's	1
GB	liberalizations	liberalisations	1
GB	liberalize	liberalise	1
GB	liberalized	liberalised	1
GB	liberalizes	liberalises	1
GB	liberalizing	liberalising	1
GB	librae	libras	1
GB	license	licence	0
GB	licenses	licences	0
GB	licorice	liquorice	1
GB	licorices	liquorices	1
GB	light-headedness	lightheadedness	0
GB	lighted	lit	0
GB	lightheadedness	light-headedness	0
GB	likability	likeability	1
GB	likable	likeable	1
GB	likableness	likeableness	1
GB	ling	lings	0
GB	lings	ling	0
GB	lionization	lionisation	1
GB	lionize	lionise	1
GB	lionized	lionised	1
GB	lionizes	lionises	1
GB	lionizing	lionising	1
GB	lip-read	lipread	0
GB	lip-reader	lipreader	0
GB	lip-readers	lipreaders	0
GB	lip-reading	lipreading	0
GB	lipread	lip-read	0
GB	lipreader	lip-reader	0
GB	lipreaders	lip-readers	0
GB	lipreading	lip-reading	0
GB	liquidize	liquidise	1
GB	liquidized	liquidised	1
GB	liquidizer	liquidiser	1
GB	liquidizers	liquidisers	1
GB	liquidizes	liquidises	1
GB	liquidizing	liquidising	1
GB	lissome	lissom	1
GB	lit	lighted	0
GB	liter	litre	1
GB	liters	litres	1
GB	livability	liveability	1
GB	livable	liveable	1
GB	lobotomize	lobotomise	1
GB	lobotomized	lobotomised	1
GB	lobotomizes	lobotomises	1
GB	lobotomizing	lobotomising	1
GB	lobster	lobsters	0
GB	lobsters	lobster	0
GB	localization	localisation	1
GB	localize	localise	1
GB	localized	localised	1
GB	localizes	localises	1
GB	localizing	localising	1
GB	long-standing	longstanding	0
GB	longeing	longing	1
GB	longstanding	long-standing	0
GB	louver	louvre	1
GB	louvered	louvred	1
GB	louvers	louvres	1
GB	lungfish	lungfishes	0
GB	lungfishes	lungfish	0
GB	lupine	lupin	0
GB	lupines	lupins	1
GB	luster	lustre	1
GB	lusterless	lustreless	1
GB	lynx	lynxes	0
GB	lynxes	lynx	0
GB	macadamize	macadamise	1
GB	macadamized	macadamised	1
GB	macadamizes	macadamises	1
GB	macadamizing	macadamising	1
GB	mackerel	mackerels	0
GB	mackerels	mackerel	0
GB	magnetizable	magnetisable	1
GB	magnetization	magnetisation	1
GB	magnetize	magnetise	1
GB	magnetized	magnetised	1
GB	magnetizes	magnetises	1
GB	magnetizing	magnetising	1
GB	major-domo	majordomo	0
GB	major-domos	majordomos	0
GB	majordomo	major-domo	0
GB	majordomos	major-domos	0
GB	mallard	mallards	0
GB	mallards	mallard	0
GB	maneuver	manoeuvre	1
GB	maneuverability	manoeuvrability	1
GB	maneuverable	manoeuvrable	1
GB	maneuvered	manoeuvred	1
GB	maneuvering	manoeuvring	1
GB	maneuverings	manoeuvrings	1
GB	maneuvers	manoeuvres	1
GB	manifestoes	manifestos	1
GB	manila	manilla	1
GB	manila's	manilla's	1
GB	marbleize	marbleise	1
GB	marbleized	marbleised	1
GB	marbleizes	marbleises	1
GB	marbleizing	marbleising	1
GB	marginalization	marginalisation	1
GB	marginalize	marginalise	1
GB	marginalized	marginalised	1
GB	marginalizes	marginalises	1
GB	marginalizing	marginalising	1
GB	marlin	marlins	0
GB	marlins	marlin	0
GB	marshaled	marshalled	1
GB	marshaling	marshalling	1
GB	marten	martens	0
GB	martens	marten	0
GB	marveled	marvelled	1
GB	marveling	marvelling	1
GB	marvelous	marvellous	1
GB	marvelously	marvellously	1
GB	mat	matt	0
GB	materialization	materialisation	1
GB	materialize	materialise	1
GB	materialized	materialised	1
GB	materializes	materialises	1
GB	materializing	materialising	1
GB	maters	matres	1
GB	math	maths	1
GB	mats	matts	0
GB	matte	matt	0
GB	maxima	maximums	0
GB	maximization	maximisation	1
GB	maximize	maximise	1
GB	maximized	maximised	1
GB	maximizes	maximises	1
GB	maximizing	maximising	1
GB	maximums	maxima	0
GB	meager	meagre	1
GB	meagerly	meagrely	1
GB	meagerness	meagreness	1
GB	meaneing	meaning	1
GB	mechanization	mechanisation	1
GB	mechanize	mechanise	1
GB	mechanized	mechanised	1
GB	mechanizes	mechanises	1
GB	mechanizing	mechanising	1
GB	medalist	medallist	1
GB	medalist's	medallist's	1
GB	medalists	medallists	1
GB	megabuck	megabucks	1
GB	megameter	megametre	1
GB	megameters	megametres	1
GB	memorialize	memorialise	1
GB	memorialized	memorialised	1
GB	memorializes	memorialises	1
GB	memorializing	memorialising	1
GB	memorization	memorisation	1
GB	memorize	memorise	1
GB	memorized	memorised	1
GB	memorizes	memorises	1
GB	memorizing	memorising	1
GB	meow	miaow	1
GB	meowed	miaowed	1
GB	meowing	miaowing	1
GB	meows	miaows	1
GB	mercerize	mercerise	1
GB	mercerized	mercerised	1
GB	mercerizes	mercerises	1
GB	mercerizing	mercerising	1
GB	mesmerize	mesmerise	1
GB	mesmerized	mesmerised	1
GB	mesmerizer	mesmeriser	1
GB	mesmerizer's	mesmeriser's	1
GB	mesmerizers	mesmerisers	1
GB	mesmerizes	mesmerises	1
GB	mesmerizing	mesmerising	1
GB	metabolize	metabolise	1
GB	metabolized	metabolised	1
GB	metabolizes	metabolises	1
GB	metabolizing	metabolising	1
GB	metaled	metalled	1
GB	metastasize	metastasise	1
GB	metastasized	metastasised	1
GB	metastasizes	metastasises	1
GB	metastasizing	metastasising	1
GB	meter	metre	0
GB	meter's	metre's	1
GB	meters	metres	0
GB	metricize	metricise	1
GB	metricized	metricised	1
GB	metricizes	metricises	1
GB	metricizing	metricising	1
GB	microfiber	microfibre	1
GB	microfibers	microfibres	1
GB	micrometer	micrometre	0
GB	micrometers	micrometres	0
GB	mid-range	midrange	0
GB	midrange	mid-range	0
GB	militaries	military	0
GB	militarization	militarisation	1
GB	militarize	militarise	1
GB	militarized	militarised	1
GB	militarizes	militarises	1
GB	militarizing	militarising	1
GB	military	militaries	0
GB	millennia	millenniums	0
GB	millenniums	millennia	0
GB	milliliter	millilitre	1
GB	milliliters	millilitres	1
GB	millimeter	millimetre	1
GB	millimeters	millimetres	1
GB	miniaturization	miniaturisation	1
GB	miniaturize	miniaturise	1
GB	miniaturized	miniaturised	1
GB	miniaturizes	miniaturises	1
GB	miniaturizing	miniaturising	1
GB	minima	minimums	0
GB	minimization	minimisation	1
GB	minimize	minimise	1
GB	minimized	minimised	1
GB	minimizes	minimises	1
GB	minimizing	minimising	1
GB	minimums	minima	0
GB	mink	minks	0
GB	minks	mink	0
GB	minnow	minnows	0
GB	minnows	minnow	0
GB	misbehavior	misbehaviour	1
GB	mischaracterization	mischaracterisation	1
GB	mischaracterizations	mischaracterisations	1
GB	mischaracterize	mischaracterise	1
GB	mischaracterized	mischaracterised	1
GB	mischaracterizes	mischaracterises	1
GB	mischaracterizing	mischaracterising	1
GB	misdemeanor	misdemeanour	1
GB	misdemeanors	misdemeanours	1
GB	mises	misses	1
GB	misjudgment	misjudgement	1
GB	misjudgments	misjudgements	1
GB	mislabeled	mislabelled	1
GB	mislabeling	mislabelling	1
GB	misspelled	misspelt	0
GB	miter	mitre	1
GB	miter's	mitre's	1
GB	mitered	mitred	1
GB	mitering	mitring	1
GB	miters	mitres	1
GB	mitzvahs	mitzvot	0
GB	mitzvot	mitzvahs	0
GB	mobilization	mobilisation	1
GB	mobilizations	mobilisations	1
GB	mobilize	mobilise	1
GB	mobilized	mobilised	1
GB	mobilizer	mobiliser	1
GB	mobilizers	mobilisers	1
GB	mobilizes	mobilises	1
GB	mobilizing	mobilising	1
GB	modeled	modelled	1
GB	modeler	modeller	1
GB	modeler's	modeller's	1
GB	modelers	modellers	1
GB	modeling	modelling	1
GB	modelings	modellings	1
GB	modernization	modernisation	1
GB	modernization's	modernisation's	1
GB	modernize	modernise	1
GB	modernized	modernised	1
GB	modernizer	moderniser	1
GB	modernizers	modernisers	1
GB	modernizes	modernises	1
GB	modernizing	modernising	1
GB	modularization	modularisation	1
GB	moggy	moggie	1
GB	moisturize	moisturise	1
GB	moisturized	moisturised	1
GB	moisturizer	moisturiser	1
GB	moisturizers	moisturisers	1
GB	moisturizes	moisturises	1
GB	moisturizing	moisturising	1
GB	mold	mould	1
GB	mold's	mould's	1
GB	moldable	mouldable	1
GB	molded	moulded	1
GB	molder	moulder	1
GB	moldered	mouldered	1
GB	moldering	mouldering	1
GB	molders	moulders	1
GB	moldier	mouldier	1
GB	moldiest	mouldiest	1
GB	moldiness	mouldiness	1
GB	molding	moulding	1
GB	molding's	moulding's	1
GB	moldings	mouldings	1
GB	molds	moulds	1
GB	moldy	mouldy	1
GB	mollusk	mollusc	1
GB	mollusk's	mollusc's	1
GB	mollusks	molluscs	1
GB	molt	moult	1
GB	molted	moulted	1
GB	molting	moulting	1
GB	molts	moults	1
GB	mom	mum	1
GB	mom's	mum's	1
GB	moms	mums	1
GB	monetization	monetisation	1
GB	monetize	monetise	1
GB	monetized	monetised	1
GB	monetizes	monetises	1
GB	monetizing	monetising	1
GB	monopolization	monopolisation	1
GB	monopolize	monopolise	1
GB	monopolized	monopolised	1
GB	monopolizer	monopoliser	1
GB	monopolizer's	monopoliser's	1
GB	monopolizers	monopolisers	1
GB	monopolizes	monopolises	1
GB	monopolizing	monopolising	1
GB	moonlighted	moonlit	0
GB	moonlit	moonlighted	0
GB	moralization	moralisation	1
GB	moralize	moralise	1
GB	moralized	moralised	1
GB	moralizer	moraliser	1
GB	moralizers	moralisers	1
GB	moralizes	moralises	1
GB	moralizing	moralising	1
GB	motorization	motorisation	1
GB	motorize	motorise	1
GB	motorized	motorised	1
GB	motorizes	motorises	1
GB	motorizing	motorising	1
GB	mullet	mullets	0
GB	mullets	mullet	0
GB	multicolored	multicoloured	1
GB	multistory	multistorey	1
GB	muskellunge	muskellunges	0
GB	muskellunges	muskellunge	0
GB	muskrat	muskrats	0
GB	muskrats	muskrat	0
GB	mustache	moustache	1
GB	mustached	moustached	1
GB	mustaches	moustaches	1
GB	myna	mynah	1
GB	myna's	mynah's	1
GB	mynas	mynahs	1
GB	mythologize	mythologise	1
GB	mythologized	mythologised	1
GB	mythologizes	mythologises	1
GB	mythologizing	mythologising	1
GB	nanometer	nanometre	1
GB	nanometers	nanometres	1
GB	narcotization	narcotisation	1
GB	narcotize	narcotise	1
GB	narcotized	narcotised	1
GB	narcotizes	narcotises	1
GB	narcotizing	narcotising	1
GB	nasalization	nasalisation	1
GB	nasalize	nasalise	1
GB	nasalized	nasalised	1
GB	nasalizes	nasalises	1
GB	nasalizing	nasalising	1
GB	nationalization	nationalisation	1
GB	nationalizations	nationalisations	1
GB	nationalize	nationalise	1
GB	nationalized	nationalised	1
GB	nationalizes	nationalises	1
GB	nationalizing	nationalising	1
GB	naturalization	naturalisation	1
GB	naturalize	naturalise	1
GB	naturalized	naturalised	1
GB	naturalizes	naturalises	1
GB	naturalizing	naturalising	1
GB	naught	nought	1
GB	naughts	noughts	1
GB	neighbor	neighbour	1
GB	neighbor's	neighbour's	1
GB	neighbored	neighboured	1
GB	neighborhood	neighbourhood	1
GB	neighborhood's	neighbourhood's	1
GB	neighborhoods	neighbourhoods	1
GB	neighboring	neighbouring	1
GB	neighborliness	neighbourliness	1
GB	neighborly	neighbourly	1
GB	neighbors	neighbours	1
GB	neutralization	neutralisation	1
GB	neutralize	neutralise	1
GB	neutralized	neutralised	1
GB	neutralizer	neutraliser	1
GB	neutralizers	neutralisers	1
GB	neutralizes	neutralises	1
GB	neutralizing	neutralising	1
GB	newspeople	newspersons	0
GB	newspersons	newspeople	0
GB	niggas	niggaz	0
GB	niggaz	niggas	0
GB	niter	nitre	1
GB	nitroglycerin	nitroglycerine	1
GB	nonbinary	non-binary	1
GB	nonissue	non-issue	1
GB	nonissues	non-issues	1
GB	nonjudgmental	nonjudgemental	1
GB	nonsympathizer	nonsympathiser	1
GB	nonsympathizers	nonsympathisers	1
GB	normalization	normalisation	1
GB	normalize	normalise	1
GB	normalized	normalised	1
GB	normalizes	normalises	1
GB	normalizing	normalising	1
GB	notarization	notarisation	1
GB	notarize	notarise	1
GB	notarized	notarised	1
GB	notarizes	notarises	1
GB	notarizing	notarising	1
GB	novelization	novelisation	1
GB	novelizations	novelisations	1
GB	novelize	novelise	1
GB	novelized	novelised	1
GB	novelizes	novelises	1
GB	novelizing	novelising	1
GB	novenas	novenae	0
GB	novene	novenae	1
GB	novene	novenas	1
GB	numskull	numbskull	1
GB	numskull's	numbskull's	1
GB	numskulls	numbskulls	1
GB	ocher	ochre	1
GB	odor	odour	1
GB	odored	odoured	1
GB	odorless	odourless	1
GB	odors	odours	1
GB	offense	offence	1
GB	offense's	offence's	1
GB	offenses	offences	1
GB	ok	okay	0
GB	okapi	okapis	0
GB	okapis	okapi	0
GB	okay	ok	0
GB	okayed	oked	0
GB	okaying	oking	0
GB	okays	oks	0
GB	oked	okayed	0
GB	oking	okaying	0
GB	oks	okays	0
GB	omelet	omelette	1
GB	omelets	omelettes	1
GB	onward	onwards	1
GB	opossum	opossums	0
GB	opossums	opossum	0
GB	optimization	optimisation	1
GB	optimizations	optimisations	1
GB	optimize	optimise	1
GB	optimized	optimised	1
GB	optimizer	optimiser	1
GB	optimizes	optimises	1
GB	optimizing	optimising	1
GB	organdy	organdie	1
GB	organization	organisation	1
GB	organization's	organisation's	1
GB	organizational	organisational	1
GB	organizationally	organisationally	1
GB	organizations	organisations	1
GB	organize	organise	1
GB	organized	organised	1
GB	organizer	organiser	1
GB	organizer's	organiser's	1
GB	organizers	organisers	1
GB	organizes	organises	1
GB	organizing	organising	1
GB	orthopedic	orthopaedic	1
GB	orthopedics	orthopaedics	1
GB	orthopedist	orthopaedist	1
GB	orthopedist's	orthopaedist's	1
GB	orthopedists	orthopaedists	1
GB	ostracize	ostracise	1
GB	ostracized	ostracised	1
GB	ostracizes	ostracises	1
GB	ostracizing	ostracising	1
GB	otter	otters	0
GB	otters	otter	0
GB	ourself	ourselves	0
GB	ourselves	ourself	0
GB	outmaneuver	outmanoeuvre	1
GB	outmaneuvered	outmanoeuvred	1
GB	outmaneuvering	outmanoeuvring	1
GB	outmaneuvers	outmanoeuvres	1
GB	outspoke	outspoken	1
GB	overanalyze	overanalyse	1
GB	overcapitalize	overcapitalise	1
GB	overcapitalized	overcapitalised	1
GB	overcapitalizes	overcapitalises	1
GB	overcapitalizing	overcapitalising	1
GB	overemphasize	overemphasise	1
GB	overemphasized	overemphasised	1
GB	overemphasizes	overemphasises	1
GB	overemphasizing	overemphasising	1
GB	overgeneralize	overgeneralise	1
GB	overgeneralized	overgeneralised	1
GB	overgeneralizes	overgeneralises	1
GB	overgeneralizing	overgeneralising	1
GB	overladed	overladen	1
GB	oversize	oversized	1
GB	overspecialization	overspecialisation	1
GB	overspecialize	overspecialise	1
GB	overspecialized	overspecialised	1
GB	overspecializes	overspecialises	1
GB	overspecializing	overspecialising	1
GB	oxidization	oxidisation	1
GB	oxidize	oxidise	1
GB	oxidized	oxidised	1
GB	oxidizer	oxidiser	1
GB	oxidizers	oxidisers	1
GB	oxidizes	oxidises	1
GB	oxidizing	oxidising	1
GB	paced	packed	0
GB	pacing	packing	0
GB	packed	paced	0
GB	packing	pacing	0
GB	pajama	pyjama	1
GB	pajamas	pyjamas	1
GB	palatalization	palatalisation	1
GB	palatalize	palatalise	1
GB	palatalized	palatalised	1
GB	palatalizes	palatalises	1
GB	palatalizing	palatalising	1
GB	paleographer	palaeographer	1
GB	paleographers	palaeographers	1
GB	paleography	palaeography	1
GB	paleolithic	palaeolithic	1
GB	paleontologist	palaeontologist	1
GB	paleontologist's	palaeontologist's	1
GB	paleontologists	palaeontologists	1
GB	paleontology	palaeontology	1
GB	paleontology's	palaeontology's	1
GB	paneled	panelled	1
GB	paneling	panelling	1
GB	panelings	panellings	1
GB	panelist	panellist	1
GB	panelist's	panellist's	1
GB	panelists	panellists	1
GB	panther	panthers	0
GB	panthers	panther	0
GB	parallelization	parallelisation	1
GB	parallelized	parallelised	1
GB	paralyze	paralyse	1
GB	paralyzed	paralysed	1
GB	paralyzes	paralyses	1
GB	paralyzing	paralysing	1
GB	paralyzingly	paralysingly	1
GB	parameterize	parameterise	1
GB	parameterized	parameterised	1
GB	parameterizes	parameterises	1
GB	parameterizing	parameterising	1
GB	parceled	parcelled	1
GB	parceling	parcelling	1
GB	parenthesize	parenthesise	1
GB	parenthesized	parenthesised	1
GB	parenthesizes	parenthesises	1
GB	parenthesizing	parenthesising	1
GB	pari-mutuel	parimutuel	0
GB	pari-mutuels	parimutuels	0
GB	parimutuel	pari-mutuel	0
GB	parimutuels	pari-mutuels	0
GB	parlor	parlour	1
GB	parlor's	parlour's	1
GB	parlors	parlours	1
GB	particularization	particularisation	1
GB	particularize	particularise	1
GB	particularized	particularised	1
GB	particularizes	particularises	1
GB	particularizing	particularising	1
GB	passivization	passivisation	1
GB	pasteurization	pasteurisation	1
GB	pasteurize	pasteurise	1
GB	pasteurized	pasteurised	1
GB	pasteurizer	pasteuriser	1
GB	pasteurizers	pasteurisers	1
GB	pasteurizes	pasteurises	1
GB	pasteurizing	pasteurising	1
GB	patinas	patinae	0
GB	patine	patinae	1
GB	patine	patinas	1
GB	patronize	patronise	1
GB	patronized	patronised	1
GB	patronizer	patroniser	1
GB	patronizers	patronisers	1
GB	patronizes	patronises	1
GB	patronizing	patronising	1
GB	patronizingly	patronisingly	1
GB	pauperize	pauperise	1
GB	pauperized	pauperised	1
GB	pauperizes	pauperises	1
GB	pauperizing	pauperising	1
GB	pe	poe	0
GB	peacock	peacocks	0
GB	peacocks	peacock	0
GB	peafowl	peafowls	0
GB	peafowls	peafowl	0
GB	pedaled	pedalled	1
GB	pedaling	pedalling	1
GB	peddler	pedlar	0
GB	peddler's	pedlar's	0
GB	peddlers	pedlars	0
GB	pedestrianization	pedestrianisation	1
GB	pedestrianize	pedestrianise	1
GB	pedestrianized	pedestrianised	1
GB	pedestrianizes	pedestrianises	1
GB	pedestrianizing	pedestrianising	1
GB	pediatric	paediatric	1
GB	pediatrician	paediatrician	1
GB	pediatrician's	paediatrician's	1
GB	pediatricians	paediatricians	1
GB	pediatrics	paediatrics	1
GB	pedophile	paedophile	1
GB	pedophiles	paedophiles	1
GB	pedophilia	paedophilia	1
GB	penalization	penalisation	1
GB	penalize	penalise	1
GB	penalized	penalised	1
GB	penalizes	penalises	1
GB	penalizing	penalising	1
GB	penciled	pencilled	1
GB	penciling	pencilling	1
GB	penne	pennae	1
GB	perch	perches	0
GB	perches	perch	0
GB	performative	preformative	1
GB	periled	perilled	1
GB	periling	perilling	1
GB	personae	personas	0
GB	personae's	personas'	0
GB	personalization	personalisation	1
GB	personalizations	personalisations	1
GB	personalize	personalise	1
GB	personalized	personalised	1
GB	personalizes	personalises	1
GB	personalizing	personalising	1
GB	personas	personae	0
GB	personas'	personae's	0
GB	perv	prev	1
GB	petaled	petalled	1
GB	philosophize	philosophise	1
GB	philosophized	philosophised	1
GB	philosophizer	philosophiser	1
GB	philosophizer's	philosophiser's	1
GB	philosophizers	philosophisers	1
GB	philosophizes	philosophises	1
GB	philosophizing	philosophising	1
GB	philter	philtre	1
GB	philters	philtres	1
GB	phonies	phoneys	0
GB	phony	phoney	0
GB	phony's	phoney's	1
GB	photosyntheses	photosynthesises	1
GB	photosynthesize	photosynthesise	1
GB	photosynthesized	photosynthesised	1
GB	photosynthesizes	photosynthesises	1
GB	photosynthesizing	photosynthesising	1
GB	piaster	piastre	1
GB	piasters	piastres	1
GB	pickax	pickaxe	1
GB	pickerel	pickerels	0
GB	pickerels	pickerel	0
GB	pike	pikes	0
GB	pikes	pike	0
GB	piranha	piranhas	0
GB	piranhas	piranha	0
GB	plagiarize	plagiarise	1
GB	plagiarized	plagiarised	1
GB	plagiarizer	plagiariser	1
GB	plagiarizer's	plagiariser's	1
GB	plagiarizers	plagiarisers	1
GB	plagiarizes	plagiarises	1
GB	plagiarizing	plagiarising	1
GB	plasticize	plasticise	1
GB	plasticized	plasticised	1
GB	plasticizes	plasticises	1
GB	plasticizing	plasticising	1
GB	platy	platys	0
GB	platys	platy	0
GB	plover	plovers	0
GB	plovers	plover	0
GB	plow	plough	1
GB	plowed	ploughed	1
GB	plowing	ploughing	1
GB	plowman	ploughman	1
GB	plowman's	ploughman's	1
GB	plowmen	ploughmen	1
GB	plowmen's	ploughmen's	1
GB	plows	ploughs	1
GB	plowshare	ploughshare	1
GB	plowshares	ploughshares	1
GB	pluralization	pluralisation	1
GB	pluralize	pluralise	1
GB	pluralized	pluralised	1
GB	pluralizes	pluralises	1
GB	pluralizing	pluralising	1
GB	plusses	pluses	1
GB	polarization	polarisation	1
GB	polarize	polarise	1
GB	polarized	polarised	1
GB	polarizes	polarises	1
GB	polarizing	polarising	1
GB	polecat	polecats	0
GB	polecats	polecat	0
GB	politicization	politicisation	1
GB	politicize	politicise	1
GB	politicized	politicised	1
GB	politicizes	politicises	1
GB	politicizing	politicising	1
GB	pollack	pollacks	0
GB	pollacks	pollack	0
GB	polymerization	polymerisation	1
GB	polymerize	polymerise	1
GB	polymerized	polymerised	1
GB	polymerizes	polymerises	1
GB	polymerizing	polymerising	1
GB	pommeled	pommelled	1
GB	pommeling	pommelling	1
GB	pompano	pompanos	0
GB	pompanos	pompano	0
GB	pop-up	popup	0
GB	pop-ups	popups	0
GB	popularization	popularisation	1
GB	popularize	popularise	1
GB	popularized	popularised	1
GB	popularizes	popularises	1
GB	popularizing	popularising	1
GB	popup	pop-up	0
GB	popups	pop-ups	0
GB	porgies	porgy	0
GB	porgy	porgies	0
GB	porpoise	porpoises	0
GB	porpoises	porpoise	0
GB	possum	possums	0
GB	possums	possum	0
GB	pound	pounds	0
GB	pounds	pound	0
GB	practice	practise	0
GB	practiced	practised	1
GB	practices	practises	0
GB	practicing	practising	1
GB	pre-owned	preowned	0
GB	pre-service	preservice	0
GB	preexist	pre-exist	1
GB	preexisted	pre-existed	1
GB	preexisting	pre-existing	1
GB	preexists	pre-exists	1
GB	prejudgment	prejudgement	1
GB	prejudgments	prejudgements	1
GB	preowned	pre-owned	0
GB	preservice	pre-service	0
GB	preshrank	preshrunk	0
GB	preshrunk	preshrank	0
GB	pressurization	pressurisation	1
GB	pressurize	pressurise	1
GB	pressurized	pressurised	1
GB	pressurizer	pressuriser	1
GB	pressurizers	pressurisers	1
GB	pressurizes	pressurises	1
GB	pressurizing	pressurising	1
GB	pretense	pretence	1
GB	pretenses	pretences	1
GB	preterit	preterite	1
GB	preterits	preterites	1
GB	prioritization	prioritisation	1
GB	prioritize	prioritise	1
GB	prioritized	prioritised	1
GB	prioritizes	prioritises	1
GB	prioritizing	prioritising	1
GB	privatization	privatisation	1
GB	privatizations	privatisations	1
GB	privatize	privatise	1
GB	privatized	privatised	1
GB	privatizes	privatises	1
GB	privatizing	privatising	1
GB	prize	prise	0
GB	prized	prised	0
GB	prizes	prises	0
GB	prizing	prising	0
GB	professionalization	professionalisation	1
GB	professionalize	professionalise	1
GB	professionalized	professionalised	1
GB	professionalizes	professionalises	1
GB	professionalizing	professionalising	1
GB	program	programme	0
GB	program's	programme's	0
GB	programs	programmes	0
GB	pronghorn	pronghorns	0
GB	pronghorns	pronghorn	0
GB	propagandize	propagandise	1
GB	propagandized	propagandised	1
GB	propagandizes	propagandises	1
GB	propagandizing	propagandising	1
GB	proselytize	proselytise	1
GB	proselytized	proselytised	1
GB	proselytizer	proselytiser	1
GB	proselytizers	proselytisers	1
GB	proselytizes	proselytises	1
GB	proselytizing	proselytising	1
GB	proved	proven	0
GB	proven	proved	0
GB	psychoanalyze	psychoanalyse	1
GB	psychoanalyzed	psychoanalysed	1
GB	psychoanalyzes	psychoanalyses	1
GB	psychoanalyzing	psychoanalysing	1
GB	ptarmigan	ptarmigans	0
GB	ptarmigans	ptarmigan	0
GB	publicize	publicise	1
GB	publicized	publicised	1
GB	publicizes	publicises	1
GB	publicizing	publicising	1
GB	pudgier	podgier	1
GB	pudgiest	podgiest	1
GB	pudgy	podgy	1
GB	pulverization	pulverisation	1
GB	pulverize	pulverise	1
GB	pulverized	pulverised	1
GB	pulverizes	pulverises	1
GB	pulverizing	pulverising	1
GB	pummeled	pummelled	1
GB	pummeling	pummelling	1
GB	pured	pureed	1
GB	pyorrhea	pyorrhoea	1
GB	quail	quails	0
GB	quails	quail	0
GB	quantization	quantisation	1
GB	quantize	quantise	1
GB	quantized	quantised	1
GB	quantizes	quantises	1
GB	quantizing	quantising	1
GB	quarreled	quarrelled	1
GB	quarreler	quarreller	1
GB	quarreler's	quarreller's	1
GB	quarrelers	quarrellers	1
GB	quarreling	quarrelling	1
GB	rabbit	rabbits	0
GB	rabbits	rabbit	0
GB	raccoon	raccoons	0
GB	raccoons	raccoon	0
GB	racialized	racialised	1
GB	radicalization	radicalisation	1
GB	radicalize	radicalise	1
GB	radicalized	radicalised	1
GB	radicalizes	radicalises	1
GB	radicalizing	radicalising	1
GB	rail	rails	0
GB	rails	rail	0
GB	rancor	rancour	1
GB	randomization	randomisation	1
GB	randomize	randomise	1
GB	randomized	randomised	1
GB	randomizes	randomises	1
GB	randomizing	randomising	1
GB	rationalization	rationalisation	1
GB	rationalizations	rationalisations	1
GB	rationalize	rationalise	1
GB	rationalized	rationalised	1
GB	rationalizes	rationalises	1
GB	rationalizing	rationalising	1
GB	raveled	ravelled	1
GB	raveling	ravelling	1
GB	realizable	realisable	1
GB	realization	realisation	1
GB	realizations	realisations	1
GB	realize	realise	1
GB	realized	realised	1
GB	realizes	realises	1
GB	realizing	realising	1
GB	reanalyze	reanalyse	1
GB	reanalyzed	reanalysed	1
GB	reanalyzes	reanalyses	1
GB	reanalyzing	reanalysing	1
GB	reauthorization	reauthorisation	1
GB	reauthorizations	reauthorisations	1
GB	reauthorize	reauthorise	1
GB	reauthorizes	reauthorises	1
GB	recapitalization	recapitalisation	1
GB	recapitalize	recapitalise	1
GB	recapitalized	recapitalised	1
GB	recapitalizes	recapitalises	1
GB	recapitalizing	recapitalising	1
GB	recognizable	recognisable	1
GB	recognizably	recognisably	1
GB	recognizance	recognisance	1
GB	recognize	recognise	1
GB	recognized	recognised	1
GB	recognizer	recogniser	1
GB	recognizes	recognises	1
GB	recognizing	recognising	1
GB	recolonization	recolonisation	1
GB	recolonize	recolonise	1
GB	recolonized	recolonised	1
GB	recolonizes	recolonises	1
GB	recolonizing	recolonising	1
GB	recolor	recolour	1
GB	recolored	recoloured	1
GB	recoloring	recolouring	1
GB	recolors	recolours	1
GB	reconnoiter	reconnoitre	1
GB	reconnoitered	reconnoitred	1
GB	reconnoitering	reconnoitring	1
GB	reconnoiters	reconnoitres	1
GB	recrystallize	recrystallise	1
GB	recrystallized	recrystallised	1
GB	recrystallizes	recrystallises	1
GB	recrystallizing	recrystallising	1
GB	redialed	redialled	1
GB	redialing	redialling	1
GB	reemphasize	reemphasise	1
GB	reemphasized	reemphasised	1
GB	reemphasizes	reemphasises	1
GB	reemphasizing	reemphasising	1
GB	reenergize	reenergise	1
GB	referenda	referendums	0
GB	referendums	referenda	0
GB	refueled	refuelled	1
GB	refueling	refuelling	1
GB	regularization	regularisation	1
GB	regularize	regularise	1
GB	regularized	regularised	1
GB	regularizes	regularises	1
GB	regularizing	regularising	1
GB	reinitialize	reinitialise	1
GB	reinitialized	reinitialised	1
GB	reinitializes	reinitialises	1
GB	reinitializing	reinitialising	1
GB	relabeled	relabelled	1
GB	relabeling	relabelling	1
GB	relighted	relit	0
GB	relit	relighted	0
GB	remodeled	remodelled	1
GB	remodeling	remodelling	1
GB	remold	remould	1
GB	remolded	remoulded	1
GB	remolding	remoulding	1
GB	remolds	remoulds	1
GB	reorganization	reorganisation	1
GB	reorganizations	reorganisations	1
GB	reorganize	reorganise	1
GB	reorganized	reorganised	1
GB	reorganizes	reorganises	1
GB	reorganizing	reorganising	1
GB	reveled	revelled	1
GB	reveler	reveller	1
GB	reveler's	reveller's	1
GB	revelers	revellers	1
GB	reveling	revelling	1
GB	revitalization	revitalisation	1
GB	revitalize	revitalise	1
GB	revitalized	revitalised	1
GB	revitalizes	revitalises	1
GB	revitalizing	revitalising	1
GB	revolutionize	revolutionise	1
GB	revolutionized	revolutionised	1
GB	revolutionizes	revolutionises	1
GB	revolutionizing	revolutionising	1
GB	rhapsodize	rhapsodise	1
GB	rhapsodized	rhapsodised	1
GB	rhapsodizes	rhapsodises	1
GB	rhapsodizing	rhapsodising	1
GB	rhinoceros	rhinoceroses	0
GB	rhinoceros'	rhinoceroses'	0
GB	rhinoceroses	rhinoceros	0
GB	rhinoceroses'	rhinoceros'	0
GB	rigor	rigour	1
GB	rigors	rigours	1
GB	rip-off	ripoff	0
GB	rip-offs	ripoffs	0
GB	ripoff	rip-off	0
GB	ripoffs	rip-offs	0
GB	ritualized	ritualised	1
GB	rivaled	rivalled	1
GB	rivaling	rivalling	1
GB	roach	roaches	0
GB	roaches	roach	0
GB	robotize	robotise	1
GB	robotized	robotised	1
GB	robotizes	robotises	1
GB	robotizing	robotising	1
GB	roe	roes	0
GB	roebuck	roebucks	0
GB	roebucks	roebuck	0
GB	roes	roe	0
GB	roll-top	rolltop	0
GB	rolltop	roll-top	0
GB	romania	roumania	1
GB	romania's	roumania's	1
GB	romanticize	romanticise	1
GB	romanticized	romanticised	1
GB	romanticizes	romanticises	1
GB	romanticizing	romanticising	1
GB	routinize	routinise	1
GB	routinized	routinised	1
GB	routinizes	routinises	1
GB	routinizing	routinising	1
GB	roweled	rowelled	1
GB	roweling	rowelling	1
GB	rubberize	rubberise	1
GB	rubberized	rubberised	1
GB	rubberizes	rubberises	1
GB	rubberizing	rubberising	1
GB	ruble	rouble	1
GB	ruble's	rouble's	1
GB	rubles	roubles	1
GB	rumor	rumour	1
GB	rumor's	rumour's	1
GB	rumored	rumoured	1
GB	rumoring	rumouring	1
GB	rumormonger	rumourmonger	1
GB	rumormonger's	rumourmonger's	1
GB	rumormongers	rumourmongers	1
GB	rumors	rumours	1
GB	saber	sabre	1
GB	saber's	sabre's	1
GB	sabers	sabres	1
GB	sable	sables	0
GB	sables	sable	0
GB	sailfish	sailfishes	0
GB	sailfishes	sailfish	0
GB	sake	saki	0
GB	sake's	saki's	1
GB	sakes	sakis	1
GB	salable	saleable	1
GB	salmon	salmons	0
GB	salmons	salmon	0
GB	saltpeter	saltpetre	1
GB	sanitization	sanitisation	1
GB	sanitizations	sanitisations	1
GB	sanitize	sanitise	1
GB	sanitized	sanitised	1
GB	sanitizer	sanitiser	1
GB	sanitizers	sanitisers	1
GB	sanitizes	sanitises	1
GB	sanitizing	sanitising	1
GB	sardine	sardines	0
GB	sardines	sardine	0
GB	satirize	satirise	1
GB	satirized	satirised	1
GB	satirizes	satirises	1
GB	satirizing	satirising	1
GB	savior	saviour	0
GB	savior's	saviour's	0
GB	saviors	saviours	1
GB	savor	savour	1
GB	savored	savoured	1
GB	savorier	savourier	1
GB	savories	savouries	1
GB	savoriest	savouriest	1
GB	savoriness	savouriness	1
GB	savoring	savouring	1
GB	savors	savours	1
GB	savory	savoury	1
GB	sawed	sawn	0
GB	scandalize	scandalise	1
GB	scandalized	scandalised	1
GB	scandalizes	scandalises	1
GB	scandalizing	scandalising	1
GB	scepter	sceptre	1
GB	scepters	sceptres	1
GB	schematize	schematise	1
GB	schematized	schematised	1
GB	schematizes	schematises	1
GB	schematizing	schematising	1
GB	scrutinize	scrutinise	1
GB	scrutinized	scrutinised	1
GB	scrutinizes	scrutinises	1
GB	scrutinizing	scrutinising	1
GB	seal	seals	0
GB	seals	seal	0
GB	seborrhea	seborrhoea	1
GB	secularization	secularisation	1
GB	secularize	secularise	1
GB	secularized	secularised	1
GB	secularizes	secularises	1
GB	secularizing	secularising	1
GB	sell-off	selloff	0
GB	sell-offs	selloffs	0
GB	selloff	sell-off	0
GB	selloffs	sell-offs	0
GB	send-off	sendoff	0
GB	send-offs	sendoffs	0
GB	sendoff	send-off	0
GB	sendoffs	send-offs	0
GB	sensationalize	sensationalise	1
GB	sensationalized	sensationalised	1
GB	sensationalizes	sensationalises	1
GB	sensationalizing	sensationalising	1
GB	sensitization	sensitisation	1
GB	sensitize	sensitise	1
GB	sensitized	sensitised	1
GB	sensitizes	sensitises	1
GB	sensitizing	sensitising	1
GB	sentimentalization	sentimentalisation	1
GB	sentimentalize	sentimentalise	1
GB	sentimentalized	sentimentalised	1
GB	sentimentalizes	sentimentalises	1
GB	sentimentalizing	sentimentalising	1
GB	septicemia	septicaemia	1
GB	septicemic	septicaemic	1
GB	sepulcher	sepulchre	1
GB	sepulchered	sepulchred	1
GB	sepulchering	sepulchring	1
GB	sepulchers	sepulchres	1
GB	serializable	serialisable	1
GB	serialization	serialisation	1
GB	serializations	serialisations	1
GB	serialize	serialise	1
GB	serialized	serialised	1
GB	serializes	serialises	1
GB	serializing	serialising	1
GB	sermonize	sermonise	1
GB	sermonized	sermonised	1
GB	sermonizes	sermonises	1
GB	sermonizing	sermonising	1
GB	sexualization	sexualisation	1
GB	sexualize	sexualise	1
GB	sexualized	sexualised	1
GB	sexualizes	sexualises	1
GB	sexualizing	sexualising	1
GB	shad	shads	0
GB	shads	shad	0
GB	shaved	shaven	0
GB	shaven	shaved	0
GB	sheared	shorn	0
GB	sheik	sheikh	1
GB	sheik's	sheikh's	1
GB	sheiks	sheikhs	1
GB	shellfish	shellfishes	0
GB	shellfishes	shellfish	0
GB	shorn	sheared	0
GB	shoveled	shovelled	1
GB	shoveling	shovelling	1
GB	show-off	showoff	0
GB	show-off's	showoff's	0
GB	show-offs	showoffs	0
GB	showoff	show-off	0
GB	showoff's	show-off's	0
GB	showoffs	show-offs	0
GB	shrimp	shrimps	0
GB	shrimps	shrimp	0
GB	shriveled	shrivelled	1
GB	shriveling	shrivelling	1
GB	signaled	signalled	1
GB	signaler	signaller	1
GB	signaler's	signaller's	1
GB	signalers	signallers	1
GB	signaling	signalling	1
GB	signalization	signalisation	1
GB	signalize	signalise	1
GB	signalized	signalised	1
GB	signalizes	signalises	1
GB	signalizing	signalising	1
GB	silverfish	silverfishes	0
GB	silverfishes	silverfish	0
GB	simonize	simonise	1
GB	simple-mindedness	simplemindedness	0
GB	simplemindedness	simple-mindedness	0
GB	sizable	sizeable	1
GB	skate	skates	0
GB	skates	skate	0
GB	skeptic	sceptic	1
GB	skeptic's	sceptic's	1
GB	skeptical	sceptical	1
GB	skeptically	sceptically	1
GB	skepticism	scepticism	1
GB	skeptics	sceptics	1
GB	skillful	skilful	1
GB	skillfully	skilfully	1
GB	skillfulness	skilfulness	1
GB	skunk	skunks	0
GB	skunks	skunk	0
GB	slenderize	slenderise	1
GB	slenderized	slenderised	1
GB	slenderizes	slenderises	1
GB	slenderizing	slenderising	1
GB	slier	slyer	1
GB	sliest	slyest	1
GB	smart-ass	smart-arse	1
GB	smart-ass	smartarse	1
GB	smart-asses	smart-arses	1
GB	smart-asses	smartarses	1
GB	smelt	smelts	0
GB	smelts	smelt	0
GB	smolder	smoulder	1
GB	smoldered	smouldered	1
GB	smoldering	smouldering	1
GB	smolders	smoulders	1
GB	snapper	snappers	0
GB	snappers	snapper	0
GB	snipe	snipes	0
GB	snipes	snipe	0
GB	sniveled	snivelled	1
GB	sniveler	sniveller	1
GB	sniveler's	sniveller's	1
GB	snivelers	snivellers	1
GB	sniveling	snivelling	1
GB	snorkeled	snorkelled	1
GB	snorkeler	snorkeller	1
GB	snorkeling	snorkelling	1
GB	snowplow	snowplough	1
GB	snowplowed	snowploughed	1
GB	snowplowing	snowploughing	1
GB	snowplows	snowploughs	1
GB	socialization	socialisation	1
GB	socialize	socialise	1
GB	socialized	socialised	1
GB	socializes	socialises	1
GB	socializing	socialising	1
GB	sodomize	sodomise	1
GB	sodomized	sodomised	1
GB	sodomizes	sodomises	1
GB	sodomizing	sodomising	1
GB	soft-pedaled	soft-pedalled	0
GB	soft-pedaling	soft-pedalling	0
GB	soft-pedalled	soft-pedaled	0
GB	soft-pedalling	soft-pedaling	0
GB	sole	soles	0
GB	solemnization	solemnisation	1
GB	solemnize	solemnise	1
GB	solemnized	solemnised	1
GB	solemnizes	solemnises	1
GB	solemnizing	solemnising	1
GB	soles	sole	0
GB	soliloquize	soliloquise	1
GB	soliloquized	soliloquised	1
GB	soliloquizes	soliloquises	1
GB	soliloquizing	soliloquising	1
GB	somber	sombre	1
GB	somberly	sombrely	1
GB	somberness	sombreness	1
GB	sowed	sown	0
GB	sown	sowed	0
GB	space-time	spacetime	0
GB	spacetime	space-time	0
GB	spearfish	spearfishes	0
GB	spearfishes	spearfish	0
GB	specialization	specialisation	1
GB	specializations	specialisations	1
GB	specialize	specialise	1
GB	specialized	specialised	1
GB	specializes	specialises	1
GB	specializing	specialising	1
GB	specialties	specialities	1
GB	specialty	speciality	1
GB	specter	spectre	1
GB	specter's	spectre's	1
GB	specters	spectres	1
GB	spelled	spelt	1
GB	spilled	spilt	1
GB	spin-off	spinoff	0
GB	spin-offs	spinoffs	0
GB	spinoff	spin-off	0
GB	spinoffs	spin-offs	0
GB	spiraled	spiralled	1
GB	spiraling	spiralling	1
GB	spirea	spiraea	1
GB	spireas	spiraeas	1
GB	spirochete	spirochaete	1
GB	spirochete's	spirochaete's	1
GB	spirochetes	spirochaetes	1
GB	splendor	splendour	1
GB	splendors	splendours	1
GB	spoiled	spoilt	1
GB	spotlighted	spotlit	0
GB	spotlit	spotlighted	0
GB	sprat	sprats	0
GB	sprats	sprat	0
GB	springbok	springboks	0
GB	springboks	springbok	0
GB	springeing	springing	1
GB	squab	squabs	0
GB	squabs	squab	0
GB	squid	squids	0
GB	squids	squid	0
GB	squier	squire	1
GB	squier's	squire's	1
GB	squirrel	squirrels	0
GB	squirreled	squirrelled	1
GB	squirreling	squirrelling	1
GB	squirrels	squirrel	0
GB	stabilization	stabilisation	1
GB	stabilize	stabilise	1
GB	stabilized	stabilised	1
GB	stabilizer	stabiliser	1
GB	stabilizers	stabilisers	1
GB	stabilizes	stabilises	1
GB	stabilizing	stabilising	1
GB	standardization	standardisation	1
GB	standardize	standardise	1
GB	standardized	standardised	1
GB	standardizes	standardises	1
GB	standardizing	standardising	1
GB	starfish	starfishes	0
GB	starfishes	starfish	0
GB	start-up	startup	0
GB	start-ups	startups	0
GB	startup	start-up	0
GB	startups	start-ups	0
GB	steer	steers	0
GB	steers	steer	0
GB	stenciled	stencilled	1
GB	stenciling	stencilling	1
GB	stepping-stone	steppingstone	0
GB	stepping-stones	steppingstones	0
GB	steppingstone	stepping-stone	0
GB	steppingstones	stepping-stones	0
GB	sterilization	sterilisation	1
GB	sterilizations	sterilisations	1
GB	sterilize	sterilise	1
GB	sterilized	sterilised	1
GB	sterilizer	steriliser	1
GB	sterilizers	sterilisers	1
GB	sterilizes	sterilises	1
GB	sterilizing	sterilising	1
GB	stigmatization	stigmatisation	1
GB	stigmatize	stigmatise	1
GB	stigmatized	stigmatised	1
GB	stigmatizes	stigmatises	1
GB	stigmatizing	stigmatising	1
GB	storied	storeyed	0
GB	stories	storeys	0
GB	story	storey	0
GB	story's	storey's	0
GB	strait-laced	straitlaced	0
GB	straitlaced	strait-laced	0
GB	strategize	strategise	1
GB	strategized	strategised	1
GB	strategizes	strategises	1
GB	strategizing	strategising	1
GB	strewed	strewn	0
GB	strewn	strewed	0
GB	strived	striven	1
GB	strived	strove	1
GB	sturgeon	sturgeons	0
GB	sturgeons	sturgeon	0
GB	stylize	stylise	1
GB	stylized	stylised	1
GB	stylizes	stylises	1
GB	stylizing	stylising	1
GB	subsidization	subsidisation	1
GB	subsidize	subsidise	1
GB	subsidized	subsidised	1
GB	subsidizer	subsidiser	1
GB	subsidizer's	subsidiser's	1
GB	subsidizers	subsidisers	1
GB	subsidizes	subsidises	1
GB	subsidizing	subsidising	1
GB	subtotaled	subtotalled	1
GB	subtotaling	subtotalling	1
GB	succor	succour	1
GB	succored	succoured	1
GB	succoring	succouring	1
GB	succors	succours	1
GB	sulfate	sulphate	1
GB	sulfates	sulphates	1
GB	sulfide	sulphide	1
GB	sulfides	sulphides	1
GB	sulfur	sulphur	1
GB	sulfured	sulphured	1
GB	sulfuric	sulphuric	1
GB	sulfuring	sulphuring	1
GB	sulfurous	sulphurous	1
GB	sulfurs	sulphurs	1
GB	summarize	summarise	1
GB	summarized	summarised	1
GB	summarizes	summarises	1
GB	summarizing	summarising	1
GB	sunfish	sunfishes	0
GB	sunfishes	sunfish	0
GB	sweat	sweated	0
GB	sweated	sweat	0
GB	sweepstakes	sweepstake	1
GB	swingeing	swinging	0
GB	swinging	swingeing	0
GB	swiveled	swivelled	1
GB	swiveling	swivelling	1
GB	swordfish	swordfishes	0
GB	swordfishes	swordfish	0
GB	symbolization	symbolisation	1
GB	symbolize	symbolise	1
GB	symbolized	symbolised	1
GB	symbolizes	symbolises	1
GB	symbolizing	symbolising	1
GB	sympathize	sympathise	1
GB	sympathized	sympathised	1
GB	sympathizer	sympathiser	1
GB	sympathizer's	sympathiser's	1
GB	sympathizers	sympathisers	1
GB	sympathizes	sympathises	1
GB	sympathizing	sympathising	1
GB	synchronization	synchronisation	1
GB	synchronizations	synchronisations	1
GB	synchronize	synchronise	1
GB	synchronized	synchronised	1
GB	synchronizes	synchronises	1
GB	synchronizing	synchronising	1
GB	syntheses	synthesises	0
GB	synthesize	synthesise	1
GB	synthesized	synthesised	1
GB	synthesizes	synthesises	1
GB	synthesizing	synthesising	1
GB	systematization	systematisation	1
GB	systematize	systematise	1
GB	systematized	systematised	1
GB	systematizes	systematises	1
GB	systematizing	systematising	1
GB	tantalization	tantalisation	1
GB	tantalize	tantalise	1
GB	tantalized	tantalised	1
GB	tantalizer	tantaliser	1
GB	tantalizer's	tantaliser's	1
GB	tantalizers	tantalisers	1
GB	tantalizes	tantalises	1
GB	tantalizing	tantalising	1
GB	tantalizingly	tantalisingly	1
GB	tapir	tapirs	0
GB	tapirs	tapir	0
GB	tarpon	tarpons	0
GB	tarpons	tarpon	0
GB	tasseled	tasselled	1
GB	tasseling	tasselling	1
GB	tatami	tatamis	0
GB	tatamis	tatami	0
GB	teal	teals	0
GB	teals	teal	0
GB	teetotaler	teetotaller	1
GB	teetotaler's	teetotaller's	1
GB	teetotalers	teetotallers	1
GB	tegu	taegu	1
GB	temporize	temporise	1
GB	temporized	temporised	1
GB	temporizer	temporiser	1
GB	temporizer's	temporiser's	1
GB	temporizers	temporisers	1
GB	temporizes	temporises	1
GB	temporizing	temporising	1
GB	tenderize	tenderise	1
GB	tenderized	tenderised	1
GB	tenderizer	tenderiser	1
GB	tenderizers	tenderisers	1
GB	tenderizes	tenderises	1
GB	tenderizing	tenderising	1
GB	terrorize	terrorise	1
GB	terrorized	terrorised	1
GB	terrorizes	terrorises	1
GB	terrorizing	terrorising	1
GB	theater	theatre	1
GB	theater's	theatre's	1
GB	theatergoer	theatregoer	1
GB	theatergoer's	theatregoer's	1
GB	theatergoers	theatregoers	1
GB	theaters	theatres	1
GB	theorize	theorise	1
GB	theorized	theorised	1
GB	theorizes	theorises	1
GB	theorizing	theorising	1
GB	thine	thy	0
GB	thralldom	thraldom	1
GB	thruway	throughway	1
GB	thruways	throughways	1
GB	thunderstricken	thunderstruck	1
GB	thy	thine	0
GB	tick-tack-toe	ticktacktoe	0
GB	ticktacktoe	tick-tack-toe	0
GB	tidbit	titbit	1
GB	tidbits	titbits	1
GB	time-out	timeout	0
GB	time-outs	timeouts	0
GB	timeout	time-out	0
GB	timeouts	time-outs	0
GB	timor	timour	1
GB	timor's	timour's	1
GB	tinseled	tinselled	1
GB	tinseling	tinselling	1
GB	tire	tyre	0
GB	tire's	tyre's	1
GB	tokenization	tokenisation	1
GB	tokenize	tokenise	1
GB	tokenized	tokenised	1
GB	tokenizes	tokenises	1
GB	tokenizing	tokenising	1
GB	ton	tons	0
GB	tons	ton	0
GB	toss-up	tossup	0
GB	toss-ups	tossups	0
GB	tossup	toss-up	0
GB	tossups	toss-ups	0
GB	totaled	totalled	1
GB	totaling	totalling	1
GB	totalizator	totalisator	1
GB	totalizators	totalisators	1
GB	toweled	towelled	1
GB	toweling	towelling	1
GB	towelings	towellings	1
GB	toxemia	toxaemia	1
GB	trabecule	trabeculae	1
GB	trammeled	trammelled	1
GB	trammeling	trammelling	1
GB	tranquility	tranquillity	1
GB	tranquilize	tranquillise	1
GB	tranquilized	tranquillised	1
GB	tranquilizer	tranquilliser	1
GB	tranquilizers	tranquillisers	1
GB	tranquilizes	tranquillises	1
GB	tranquilizing	tranquillising	1
GB	transistorize	transistorise	1
GB	transistorized	transistorised	1
GB	transistorizes	transistorises	1
GB	transistorizing	transistorising	1
GB	traumatize	traumatise	1
GB	traumatized	traumatised	1
GB	traumatizes	traumatises	1
GB	traumatizing	traumatising	1
GB	traveled	travelled	1
GB	traveler	traveller	1
GB	traveler's	traveller's	1
GB	travelers	travellers	1
GB	traveling	travelling	1
GB	travelings	travellings	1
GB	trialed	trialled	1
GB	trialing	trialling	1
GB	tricolor	tricolour	1
GB	tricolored	tricoloured	1
GB	tricolors	tricolours	1
GB	trivialization	trivialisation	1
GB	trivialize	trivialise	1
GB	trivialized	trivialised	1
GB	trivializes	trivialises	1
GB	trivializing	trivialising	1
GB	trout	trouts	0
GB	trouts	trout	0
GB	troweled	trowelled	1
GB	troweling	trowelling	1
GB	tularemia	tularaemia	1
GB	tumbrel	tumbril	1
GB	tumbrels	tumbrils	1
GB	tumor	tumour	1
GB	tumor's	tumour's	1
GB	tumors	tumours	1
GB	tuna	tunas	0
GB	tunas	tuna	0
GB	tune-up	tuneup	0
GB	tune-ups	tuneups	0
GB	tuneup	tune-up	0
GB	tuneups	tune-ups	0
GB	tunneled	tunnelled	1
GB	tunneler	tunneller	1
GB	tunnelers	tunnellers	1
GB	tunneling	tunnelling	1
GB	tunnies	tunny	0
GB	tunny	tunnies	0
GB	turbot	turbots	0
GB	turbots	turbot	0
GB	turn-off	turnoff	0
GB	turn-offs	turnoffs	0
GB	turnoff	turn-off	0
GB	turnoffs	turn-offs	0
GB	turtle	turtles	0
GB	turtles	turtle	0
GB	twink	twinks	0
GB	twinks	twink	0
GB	tyeing	tying	1
GB	tyrannize	tyrannise	1
GB	tyrannized	tyrannised	1
GB	tyrannizes	tyrannises	1
GB	tyrannizing	tyrannising	1
GB	unappetizing	unappetising	1
GB	unarmored	unarmoured	1
GB	unauthorized	unauthorised	1
GB	unbaptized	unbaptised	1
GB	unbeared	unborn	1
GB	unbeknownst	unbeknown	0
GB	unbiassed	unbiased	1
GB	unborne	unborn	1
GB	uncivilized	uncivilised	1
GB	uncolored	uncoloured	1
GB	underutilize	underutilise	1
GB	underutilized	underutilised	1
GB	unequaled	unequalled	1
GB	unfavorable	unfavourable	1
GB	unfavorably	unfavourably	1
GB	unfertilized	unfertilised	1
GB	unflavored	unflavoured	1
GB	uninitialized	uninitialised	1
GB	unionization	unionisation	1
GB	unionize	unionise	1
GB	unionized	unionised	1
GB	unionizes	unionises	1
GB	unionizing	unionising	1
GB	unitize	unitise	1
GB	unitized	unitised	1
GB	unitizes	unitises	1
GB	unitizing	unitising	1
GB	universalize	universalise	1
GB	universalized	universalised	1
GB	universalizes	universalises	1
GB	universalizing	universalising	1
GB	unlabeled	unlabelled	1
GB	unlearned	unlearnt	0
GB	unlikable	unlikeable	1
GB	unorganized	unorganised	1
GB	unpasteurized	unpasteurised	1
GB	unpracticed	unpractised	1
GB	unraveled	unravelled	1
GB	unraveling	unravelling	1
GB	unrealized	unrealised	1
GB	unrecognizable	unrecognisable	1
GB	unrecognizably	unrecognisably	1
GB	unrecognized	unrecognised	1
GB	unrivaled	unrivalled	1
GB	unsavory	unsavoury	1
GB	unshakable	unshakeable	1
GB	unshoed	unshod	1
GB	unspoke	unspoken	1
GB	unsubsidized	unsubsidised	1
GB	unsynchronized	unsynchronised	1
GB	untrammeled	untrammelled	1
GB	untraveled	untravelled	1
GB	untrodden	untrod	1
GB	updraft	updraught	1
GB	updrafts	updraughts	1
GB	upward	upwards	0
GB	upwards	upward	0
GB	urbanization	urbanisation	1
GB	urbanize	urbanise	1
GB	urbanized	urbanised	1
GB	urbanizes	urbanises	1
GB	urbanizing	urbanising	1
GB	uremia	uraemia	1
GB	uremic	uraemic	1
GB	utilizable	utilisable	1
GB	utilization	utilisation	1
GB	utilize	utilise	1
GB	utilized	utilised	1
GB	utilizes	utilises	1
GB	utilizing	utilising	1
GB	vaginae	vaginas	0
GB	vaginas	vaginae	0
GB	valor	valour	1
GB	vandalize	vandalise	1
GB	vandalized	vandalised	1
GB	vandalizes	vandalises	1
GB	vandalizing	vandalising	1
GB	vapor	vapour	1
GB	vaporization	vaporisation	1
GB	vaporize	vaporise	1
GB	vaporized	vaporised	1
GB	vaporizer	vaporiser	1
GB	vaporizers	vaporisers	1
GB	vaporizes	vaporises	1
GB	vaporizing	vaporising	1
GB	vapors	vapours	1
GB	vaporware	vapourware	1
GB	vapory	vapoury	1
GB	varicolored	varicoloured	1
GB	verbalization	verbalisation	1
GB	verbalize	verbalise	1
GB	verbalized	verbalised	1
GB	verbalizes	verbalises	1
GB	verbalizing	verbalising	1
GB	vertexes	vertices	0
GB	vertices	vertexes	0
GB	victimization	victimisation	1
GB	victimize	victimise	1
GB	victimized	victimised	1
GB	victimizes	victimises	1
GB	victimizing	victimising	1
GB	victualed	victualled	1
GB	victualing	victualling	1
GB	vigor	vigour	1
GB	virtualization	virtualisation	1
GB	virtuosos	virtuosi	1
GB	visualization	visualisation	1
GB	visualizations	visualisations	1
GB	visualize	visualise	1
GB	visualized	visualised	1
GB	visualizer	visualiser	1
GB	visualizer's	visualiser's	1
GB	visualizers	visualisers	1
GB	visualizes	visualises	1
GB	visualizing	visualising	1
GB	vitalization	vitalisation	1
GB	vitalize	vitalise	1
GB	vitalized	vitalised	1
GB	vitalizes	vitalises	1
GB	vitalizing	vitalising	1
GB	vocalization	vocalisation	1
GB	vocalizations	vocalisations	1
GB	vocalize	vocalise	1
GB	vocalized	vocalised	1
GB	vocalizes	vocalises	1
GB	vocalizing	vocalising	1
GB	volatilize	volatilise	1
GB	volatilized	volatilised	1
GB	volatilizes	volatilises	1
GB	volatilizing	volatilising	1
GB	vulcanization	vulcanisation	1
GB	vulcanize	vulcanise	1
GB	vulcanized	vulcanised	1
GB	vulcanizes	vulcanises	1
GB	vulcanizing	vulcanising	1
GB	vulgarization	vulgarisation	1
GB	vulgarize	vulgarise	1
GB	vulgarized	vulgarised	1
GB	vulgarizer	vulgariser	1
GB	vulgarizer's	vulgariser's	1
GB	vulgarizers	vulgarisers	1
GB	vulgarizes	vulgarises	1
GB	vulgarizing	vulgarising	1
GB	waked	woken	1
GB	wallabies	wallaby	0
GB	wallaby	wallabies	0
GB	walleye	walleyes	0
GB	walleyes	walleye	0
GB	walrus	walruses	0
GB	walruses	walrus	0
GB	wapiti	wapitis	0
GB	wapitis	wapiti	0
GB	water-skiing	waterskiing	0
GB	watercolor	watercolour	1
GB	watercolor's	watercolour's	1
GB	watercolors	watercolours	1
GB	waterfowl	waterfowls	0
GB	waterfowls	waterfowl	0
GB	waterskiing	water-skiing	0
GB	weakfish	weakfishes	0
GB	weakfishes	weakfish	0
GB	weaponization	weaponisation	1
GB	weaponize	weaponise	1
GB	weaponized	weaponised	1
GB	weaponizes	weaponises	1
GB	weaponizing	weaponising	1
GB	weasel	weasels	0
GB	weaseled	weaselled	1
GB	weaseling	weaselling	1
GB	weasels	weasel	0
GB	weatherize	weatherise	1
GB	weatherized	weatherised	1
GB	weatherizes	weatherises	1
GB	weatherizing	weatherising	1
GB	westernization	westernisation	1
GB	westernize	westernise	1
GB	westernized	westernised	1
GB	westernizes	westernises	1
GB	westernizing	westernising	1
GB	whale	whales	0
GB	whales	whale	0
GB	whingeing	whinging	0
GB	whinging	whingeing	0
GB	whir	whirr	1
GB	whirs	whirrs	1
GB	whiskey	whisky	1
GB	whiskey's	whisky's	1
GB	whiskeys	whiskies	1
GB	whitefish	whitefishes	0
GB	whitefishes	whitefish	0
GB	whiting	whitings	0
GB	whitings	whiting	0
GB	whiz	whizz	1
GB	whiz's	whizz's	1
GB	wi-fi	wifi	0
GB	wifi	wi-fi	0
GB	wildcat	wildcats	0
GB	wildcats	wildcat	0
GB	wildebeest	wildebeests	0
GB	wildebeests	wildebeest	0
GB	willful	wilful	1
GB	willfully	wilfully	1
GB	willfulness	wilfulness	1
GB	windburnt	windburned	1
GB	wingeing	winging	1
GB	winterize	winterise	1
GB	winterized	winterised	1
GB	winterizes	winterises	1
GB	winterizing	winterising	1
GB	wolf	wolves	0
GB	wolves	wolf	0
GB	womanize	womanise	1
GB	womanized	womanised	1
GB	womanizer	womaniser	1
GB	womanizer's	womaniser's	1
GB	womanizers	womanisers	1
GB	womanizes	womanises	1
GB	womanizing	womanising	1
GB	woolen	woollen	1
GB	woolens	woollens	1
GB	worshiped	worshipped	1
GB	worshiper	worshipper	1
GB	worshiper's	worshipper's	1
GB	worshipers	worshippers	1
GB	worshiping	worshipping	1
GB	yodeled	yodelled	1
GB	yodeler	yodeller	1
GB	yodeler's	yodeller's	1
GB	yodelers	yodellers	1
GB	yodeling	yodelling	1
GB	yogurt	yoghurt	1
GB	yogurt's	yoghurt's	1
GB	yogurts	yoghurts	1
GB	zebra	zebras	0
GB	zebras	zebra	0
GB	zillion	zillions	0
GB	zillions	zillion	0
CA	abridgment	abridgement	1
CA	abridgments	abridgements	1
CA	absinthe	absinth	0
CA	accouter	accoutre	1
CA	accoutered	accoutred	1
CA	accoutering	accoutring	1
CA	accouterments	accoutrements	1
CA	accouters	accoutres	1
CA	acknowledgment	acknowledgement	1
CA	acknowledgments	acknowledgements	1
CA	adviser	advisor	0
CA	adviser's	advisor's	0
CA	advisers	advisors	0
CA	advisor	adviser	0
CA	advisor's	adviser's	0
CA	advisors	advisers	0
CA	afterward	afterwards	1
CA	albacore	albacores	0
CA	albacores	albacore	0
CA	albatross	albatrosses	0
CA	albatrosses	albatross	0
CA	ambiance	ambience	1
CA	ambiances	ambiences	1
CA	amphitheater	amphitheatre	1
CA	amphitheaters	amphitheatres	1
CA	anesthesia	anaesthesia	1
CA	anesthetic	anaesthetic	1
CA	anesthetics	anaesthetics	1
CA	anesthetist	anaesthetist	1
CA	anesthetist's	anaesthetist's	1
CA	anesthetists	anaesthetists	1
CA	anesthetization	anaesthetization	1
CA	anesthetize	anaesthetize	1
CA	anesthetized	anaesthetized	1
CA	anesthetizes	anaesthetizes	1
CA	anesthetizing	anaesthetizing	1
CA	angelfish	angelfishes	0
CA	angelfishes	angelfish	0
CA	anons	ana	1
CA	antelope	antelopes	0
CA	antelopes	antelope	0
CA	anti-aircraft	antiaircraft	1
CA	antilabor	antilabour	1
CA	appareled	apparelled	1
CA	appareling	apparelling	1
CA	arbor	arbour	1
CA	arbors	arbours	1
CA	ardor	ardour	1
CA	ardors	ardours	1
CA	armor	armour	1
CA	armor's	armour's	1
CA	armored	armoured	1
CA	armorer	armourer	1
CA	armorer's	armourer's	1
CA	armorers	armourers	1
CA	armories	armouries	1
CA	armoring	armouring	1
CA	armors	armours	1
CA	armory	armoury	1
CA	ass	arse	0
CA	ass's	arse's	0
CA	asses	arses	1
CA	asshole	arsehole	1
CA	asshole's	arsehole's	1
CA	assholes	arseholes	1
CA	ax	axe	1
CA	ax's	axe's	1
CA	back-pedaled	back-pedalled	0
CA	back-pedaling	back-pedalling	0
CA	back-pedalled	back-pedaled	0
CA	back-pedalling	back-pedaling	0
CA	backlighted	backlit	1
CA	backpedaled	backpedalled	1
CA	backpedaling	backpedalling	1
CA	backward	backwards	0
CA	bandanna	bandana	1
CA	bandannas	bandanas	1
CA	bark	barque	0
CA	barks	barques	0
CA	barracuda	barracudas	0
CA	barracudas	barracuda	0
CA	barreled	barrelled	1
CA	barreling	barrelling	1
CA	bass	basses	0
CA	basses	bass	0
CA	bear	bears	0
CA	bears	bear	0
CA	beaver	beavers	0
CA	beavers	beaver	0
CA	bedeviled	bedevilled	1
CA	bedeviling	bedevilling	1
CA	behavior	behaviour	1
CA	behavioral	behavioural	1
CA	behaviorally	behaviourally	1
CA	behaviorism	behaviourism	1
CA	behaviorist	behaviourist	1
CA	behaviorist's	behaviourist's	1
CA	behaviorists	behaviourists	1
CA	behaviors	behaviours	1
CA	bejeweled	bejewelled	1
CA	bejeweling	bejewelling	1
CA	belabor	belabour	1
CA	belabored	belaboured	1
CA	belaboring	belabouring	1
CA	belabors	belabours	1
CA	beluga	belugas	0
CA	belugas	beluga	0
CA	beria	baeria	1
CA	beria's	baeria's	1
CA	beveled	bevelled	1
CA	beveling	bevelling	1
CA	beyer	baeyer	1
CA	beyer's	baeyer's	1
CA	bighorn	bighorns	0
CA	bighorns	bighorn	0
CA	blamable	blameable	1
CA	blowzier	blowsier	1
CA	blowziest	blowsiest	1
CA	blowzy	blowsy	1
CA	bluefish	bluefishes	0
CA	bluefishes	bluefish	0
CA	bobcat	bobcats	0
CA	bobcats	bobcat	0
CA	bold-faced	boldfaced	0
CA	boldfaced	bold-faced	0
CA	bonito	bonitos	0
CA	bonitos	bonito	0
CA	bream	breams	0
CA	breams	bream	0
CA	breathalyzer	breathalyser	0
CA	breathalyzers	breathalysers	0
CA	brown-noser	brownnoser	0
CA	brownnoser	brown-noser	0
CA	buffalo	buffaloes	0
CA	buffaloes	buffalo	0
CA	busheled	bushelled	1
CA	busheling	bushelling	1
CA	by-product	byproduct	0
CA	by-products	byproducts	0
CA	bye-law	bylaw	0
CA	bye-laws	bylaws	0
CA	bylaw	bye-law	0
CA	bylaws	bye-laws	0
CA	byproduct	by-product	0
CA	byproducts	by-products	0
CA	caliber	calibre	1
CA	calibers	calibres	1
CA	calk	caulk	1
CA	calked	caulked	1
CA	calking	caulking	1
CA	calks	caulks	1
CA	canceled	cancelled	1
CA	canceler	canceller	1
CA	cancelers	cancellers	1
CA	canceling	cancelling	1
CA	cancelous	cancellous	1
CA	candor	candour	1
CA	canvasback	canvasbacks	0
CA	canvasbacks	canvasback	0
CA	caravansaries	caravansary	0
CA	caravansary	caravansaries	0
CA	carburetor	carburettor	1
CA	carburetors	carburettors	1
CA	cardie	cardiae	1
CA	caribou	caribous	0
CA	caribous	caribou	0
CA	caroled	carolled	1
CA	caroler	caroller	1
CA	caroler's	caroller's	1
CA	carolers	carollers	1
CA	caroling	carolling	1
CA	carp	carps	0
CA	carps	carp	0
CA	catalog	catalogue	1
CA	catalog's	catalogue's	1
CA	cataloged	catalogued	1
CA	cataloger	cataloguer	1
CA	cataloger's	cataloguer's	1
CA	catalogers	cataloguers	1
CA	cataloging	cataloguing	1
CA	catalogs	catalogues	1
CA	catch-up	ketchup	0
CA	cater-corner	catercorner	0
CA	catercorner	cater-corner	0
CA	catfish	catfishes	0
CA	catfishes	catfish	0
CA	caviled	cavilled	1
CA	caviler	caviller	1
CA	caviler's	caviller's	1
CA	cavilers	cavillers	1
CA	caviling	cavilling	1
CA	celiac	coeliac	1
CA	center	centre	1
CA	center's	centre's	1
CA	centerboard	centreboard	1
CA	centerboards	centreboards	1
CA	centered	centred	1
CA	centerfold	centrefold	1
CA	centerfolds	centrefolds	1
CA	centering	centring	1
CA	centerline	centreline	1
CA	centerlines	centrelines	1
CA	centerpiece	centrepiece	1
CA	centerpieces	centrepieces	1
CA	centers	centres	1
CA	centiliter	centilitre	1
CA	centiliters	centilitres	1
CA	centimeter	centimetre	1
CA	centimeters	centimetres	1
CA	cere	cree	1
CA	cere's	cree's	1
CA	cered	creed	1
CA	cesar	caesar	0
CA	cesarean	caesarean	1
CA	cesareans	caesareans	1
CA	change-up	changeup	0
CA	changeup	change-up	0
CA	channeled	channelled	1
CA	channeling	channelling	1
CA	chaperon	chaperone	1
CA	chaperon's	chaperone's	1
CA	chaperons	chaperones	1
CA	char	chars	0
CA	chars	char	0
CA	check	cheque	0
CA	checkbook	chequebook	1
CA	checkbooks	chequebooks	1
CA	checkerboard	chequerboard	1
CA	checkerboards	chequerboards	1
CA	checks	cheques	0
CA	chiseled	chiselled	1
CA	chiseler	chiseller	1
CA	chiseler's	chiseller's	1
CA	chiselers	chisellers	1
CA	chiseling	chiselling	1
CA	chocolaty	chocolatey	1
CA	chub	chubs	0
CA	chubs	chub	0
CA	cicatrix	cicatrice	1
CA	clamor	clamour	1
CA	clamored	clamoured	1
CA	clamoring	clamouring	1
CA	clamors	clamours	1
CA	clangor	clangour	1
CA	clover	clovers	0
CA	clovers	clover	0
CA	cod	cods	0
CA	codfish	codfishes	0
CA	codfishes	codfish	0
CA	cods	cod	0
CA	coho	cohos	0
CA	cohos	coho	0
CA	color	colour	1
CA	color's	colour's	1
CA	colorant	colourant	1
CA	colorants	colourants	1
CA	colorblind	colourblind	1
CA	colorblindness	colourblindness	1
CA	colorectal	colourectal	1
CA	colored	coloured	1
CA	coloreds	coloureds	1
CA	colorfast	colourfast	1
CA	colorfastness	colourfastness	1
CA	colorful	colourful	1
CA	colorfully	colourfully	1
CA	colorfulness	colourfulness	1
CA	coloring	colouring	1
CA	colorist	colourist	1
CA	colorists	colourists	1
CA	colorization	colourization	1
CA	colorizations	colourizations	1
CA	colorize	colourize	1
CA	colorized	colourized	1
CA	colorizes	colourizes	1
CA	colorizing	colourizing	1
CA	colorless	colourless	1
CA	colorlessly	colourlessly	1
CA	colorlessness	colourlessness	1
CA	colors	colours	1
CA	colorway	colourway	1
CA	colorways	colourways	1
CA	common-sense	commonsense	0
CA	commonsense	common-sense	0
CA	conches	conchs	1
CA	costumier	costumire	1
CA	cougar	cougars	0
CA	cougars	cougar	0
CA	councilor	councillor	1
CA	councilor's	councillor's	1
CA	councilors	councillors	1
CA	counseled	counselled	1
CA	counseling	counselling	1
CA	counselings	counsellings	1
CA	counselor	counsellor	1
CA	counselor's	counsellor's	1
CA	counselors	counsellors	1
CA	court-martialed	court-martialled	0
CA	court-martialing	court-martialling	0
CA	court-martialled	court-martialed	0
CA	court-martialling	court-martialing	0
CA	crappie	crappies	0
CA	crappies	crappie	0
CA	crawfishes	crawfish	1
CA	crayfish	crayfishes	0
CA	crayfishes	crayfish	0
CA	crenelate	crenellate	1
CA	crenelated	crenellated	1
CA	crenelates	crenellates	1
CA	crenelating	crenellating	1
CA	crenelation	crenellation	1
CA	crenelations	crenellations	1
CA	crosier	crozier	1
CA	crosiers	croziers	1
CA	cross-hatching	crosshatching	0
CA	crosshatching	cross-hatching	0
CA	crueler	crueller	1
CA	cruelest	cruellest	1
CA	cudgeled	cudgelled	1
CA	cudgeling	cudgelling	1
CA	cuttlefish	cuttlefishes	0
CA	cuttlefishes	cuttlefish	0
CA	dace	daces	0
CA	daces	dace	0
CA	dagoes	dagos	0
CA	dagos	dagoes	0
CA	deciliter	decilitre	1
CA	deciliters	decilitres	1
CA	decimeter	decimetre	1
CA	decimeters	decimetres	1
CA	defense	defence	1
CA	defense's	defence's	1
CA	defensed	defenced	1
CA	defenseless	defenceless	1
CA	defenselessly	defencelessly	1
CA	defenselessness	defencelessness	1
CA	defenseman	defenceman	1
CA	defensemen	defencemen	1
CA	defenses	defences	1
CA	defensing	defencing	1
CA	demeanor	demeanour	1
CA	dentin	dentine	1
CA	dependent	dependant	0
CA	dependent's	dependant's	1
CA	dependents	dependants	1
CA	descendant	descendent	0
CA	deviled	devilled	1
CA	deviling	devilling	1
CA	dialer	dialler	1
CA	dialers	diallers	1
CA	diehard	die-hard	1
CA	discolor	discolour	1
CA	discolored	discoloured	1
CA	discoloring	discolouring	1
CA	discolors	discolours	1
CA	disemboweled	disembowelled	1
CA	disemboweling	disembowelling	1
CA	disfavor	disfavour	1
CA	disfavored	disfavoured	1
CA	disfavoring	disfavouring	1
CA	disfavors	disfavours	1
CA	dishabille	déshabillé	1
CA	disheveled	dishevelled	1
CA	disheveling	dishevelling	1
CA	dishonor	dishonour	1
CA	dishonorable	dishonourable	1
CA	dishonorably	dishonourably	1
CA	dishonored	dishonoured	1
CA	dishonoring	dishonouring	1
CA	dishonors	dishonours	1
CA	disproved	disproven	0
CA	disproven	disproved	0
CA	doe	does	0
CA	does	doe	0
CA	dogfish	dogfishes	0
CA	dogfishes	dogfish	0
CA	dolor	dolour	1
CA	dolors	dolours	1
CA	donut	doughnut	1
CA	donut's	doughnut's	1
CA	donuts	doughnuts	1
CA	dot-com	dotcom	0
CA	dot-coms	dotcoms	0
CA	dotcom	dot-com	0
CA	dotcoms	dot-coms	0
CA	doweled	dowelled	1
CA	doweling	dowelling	1
CA	downward	downwards	0
CA	downwards	downward	0
CA	dox	doxx	0
CA	doxed	doxxed	0
CA	doxes	doxxes	0
CA	doxing	doxxing	0
CA	doxings	doxxings	0
CA	doxx	dox	0
CA	doxxed	doxed	0
CA	doxxes	doxes	0
CA	doxxing	doxing	0
CA	doxxings	doxings	0
CA	dozen	dozens	0
CA	dozens	dozen	0
CA	dreamed	dreamt	1
CA	drive-thru	drive-through	1
CA	drive-thrus	drive-throughs	1
CA	driveled	drivelled	1
CA	driveler	driveller	1
CA	driveler's	driveller's	1
CA	drivelers	drivellers	1
CA	driveling	drivelling	1
CA	duck	ducks	0
CA	ducks	duck	0
CA	dueled	duelled	1
CA	dueler	dueller	1
CA	dueler's	dueller's	1
CA	duelers	duellers	1
CA	dueling	duelling	1
CA	duelist	duellist	1
CA	duelist's	duellist's	1
CA	duelists	duellists	1
CA	dust-up	dustup	0
CA	dust-ups	dustups	0
CA	dustup	dust-up	0
CA	dustups	dust-ups	0
CA	ecus	oecus	1
CA	eel	eels	0
CA	eels	eel	0
CA	eland	elands	0
CA	elands	eland	0
CA	elk	elks	0
CA	elks	elk	0
CA	enameled	enamelled	1
CA	enameler	enameller	1
CA	enamelers	enamellers	1
CA	enameling	enamelling	1
CA	enamor	enamour	1
CA	enamored	enamoured	1
CA	enamoring	enamouring	1
CA	enamors	enamours	1
CA	endeavor	endeavour	1
CA	endeavor's	endeavour's	1
CA	endeavored	endeavoured	1
CA	endeavoring	endeavouring	1
CA	endeavors	endeavours	1
CA	enroll	enrol	1
CA	enrollment	enrolment	1
CA	enrollment's	enrolment's	1
CA	enrollments	enrolments	1
CA	enrolls	enrols	1
CA	epaulet	epaulette	1
CA	epaulets	epaulettes	1
CA	epicenter	epicentre	1
CA	epicenters	epicentres	1
CA	equaled	equalled	1
CA	equaling	equalling	1
CA	ermine	ermines	0
CA	ermines	ermine	0
CA	estradiol	oestradiol	1
CA	eviler	eviller	1
CA	evilest	evillest	1
CA	fade-out	fadeout	0
CA	fadeout	fade-out	0
CA	fagot	faggot	1
CA	fagot's	faggot's	1
CA	fagots	faggots	1
CA	favor	favour	1
CA	favorable	favourable	1
CA	favorably	favourably	1
CA	favored	favoured	1
CA	favoring	favouring	1
CA	favorite	favourite	1
CA	favorite's	favourite's	1
CA	favorites	favourites	1
CA	favoritism	favouritism	1
CA	favors	favours	1
CA	feeble-mindedness	feeblemindedness	0
CA	feeblemindedness	feeble-mindedness	0
CA	fervor	fervour	1
CA	fete	fête	1
CA	feted	fêted	1
CA	fetes	fêtes	1
CA	feting	fêting	1
CA	fiber	fibre	1
CA	fiber's	fibre's	1
CA	fiberboard	fibreboard	1
CA	fiberfill	fibrefill	1
CA	fiberglass	fibreglass	1
CA	fibers	fibres	1
CA	fish	fishes	0
CA	fishes	fish	0
CA	flanneled	flannelled	1
CA	flanneling	flannelling	1
CA	flatfish	flatfishes	0
CA	flatfishes	flatfish	0
CA	flavor	flavour	1
CA	flavored	flavoured	1
CA	flavorful	flavourful	1
CA	flavoring	flavouring	1
CA	flavorings	flavourings	1
CA	flavorless	flavourless	1
CA	flavors	flavours	1
CA	flavorsome	flavoursome	1
CA	flier	flyer	0
CA	flier's	flyer's	1
CA	fliers	flyers	1
CA	floodlighted	floodlit	0
CA	floodlit	floodlighted	0
CA	flounder	flounders	0
CA	flounders	flounder	0
CA	fogies	fogeys	1
CA	fogy	fogey	1
CA	fogy's	fogey's	1
CA	fontanel	fontanelle	1
CA	fontanels	fontanelles	1
CA	forgather	foregather	1
CA	forgathered	foregathered	1
CA	forgathering	foregathering	1
CA	forgathers	foregathers	1
CA	formulas	formulae	0
CA	formulas'	formulae's	0
CA	fowl	fowls	0
CA	fowls	fowl	0
CA	fruit	fruits	0
CA	fruits	fruit	0
CA	fueled	fuelled	1
CA	fueling	fuelling	1
CA	fund-raiser	fundraiser	0
CA	fund-raisers	fundraisers	0
CA	fundraiser	fund-raiser	0
CA	fundraisers	fund-raisers	0
CA	funneled	funnelled	1
CA	funneling	funnelling	1
CA	gamboled	gambolled	1
CA	gamboling	gambolling	1
CA	gar	gars	0
CA	garfish	garfishes	0
CA	garfishes	garfish	0
CA	gars	gar	0
CA	gaslighted	gaslit	0
CA	gaslit	gaslighted	0
CA	gazelle	gazelles	0
CA	gazelles	gazelle	0
CA	geisha	geishas	0
CA	geishas	geisha	0
CA	gemological	gemmological	1
CA	gemologist	gemmologist	1
CA	gemologists	gemmologists	1
CA	gemology	gemmology	1
CA	gibe	jibe	1
CA	gibed	jibed	1
CA	gibes	jibes	1
CA	gibing	jibing	1
CA	gigameter	gigametre	1
CA	gigameters	gigametres	1
CA	glycerin	glycerine	1
CA	gnu	gnus	0
CA	gnus	gnu	0
CA	goiter	goitre	1
CA	goiters	goitres	1
CA	goldfish	goldfishes	0
CA	goldfishes	goldfish	0
CA	got	gotten	0
CA	gotten	got	0
CA	grass-roots	grassroots	0
CA	grassroots	grass-roots	0
CA	graveled	gravelled	1
CA	graveling	gravelling	1
CA	gray	grey	0
CA	gray's	grey's	0
CA	grayed	greyed	1
CA	grayer	greyer	1
CA	grayest	greyest	1
CA	graying	greying	1
CA	grayish	greyish	1
CA	grayness	greyness	1
CA	grays	greys	1
CA	grayscale	greyscale	1
CA	grayscales	greyscales	1
CA	groin	groyne	0
CA	groins	groynes	0
CA	grouper	groupers	0
CA	groupers	grouper	0
CA	groveled	grovelled	1
CA	groveler	groveller	1
CA	groveler's	groveller's	1
CA	grovelers	grovellers	1
CA	groveling	grovelling	1
CA	grueling	gruelling	1
CA	gruelingly	gruellingly	1
CA	gynecologic	gynaecologic	1
CA	haddock	haddocks	0
CA	haddocks	haddock	0
CA	hake	hakes	0
CA	hakes	hake	0
CA	half-pipe	halfpipe	0
CA	half-pipes	halfpipes	0
CA	halfpipe	half-pipe	0
CA	halfpipes	half-pipes	0
CA	halibut	halibuts	0
CA	halibuts	halibut	0
CA	hankie	hanky	1
CA	harbor	harbour	1
CA	harbor's	harbour's	1
CA	harbored	harboured	1
CA	harboring	harbouring	1
CA	harbors	harbours	1
CA	hard-line	hardline	0
CA	hard-liner	hardliner	0
CA	hard-liners	hardliners	0
CA	hardline	hard-line	0
CA	hardliner	hard-liner	0
CA	hardliners	hard-liners	0
CA	hare	hares	0
CA	hares	hare	0
CA	hart	harts	0
CA	harts	hart	0
CA	heart-rending	heartrending	0
CA	heartbroke	heartbroken	1
CA	heartrending	heart-rending	0
CA	hectometer	hectometre	1
CA	hectometers	hectometres	1
CA	helloes	hellos	1
CA	heme	haem	1
CA	herring	herrings	0
CA	herrings	herring	0
CA	highflier	high-flyer	1
CA	highfliers	high-flyers	1
CA	hind	hinds	0
CA	hinds	hind	0
CA	hoboes	hobos	1
CA	hog-tie	hogtie	0
CA	hogtie	hog-tie	0
CA	homeward	homewards	0
CA	homewards	homeward	0
CA	honor	honour	1
CA	honor's	honour's	1
CA	honorable	honourable	1
CA	honorableness	honourableness	1
CA	honorably	honourably	1
CA	honored	honoured	1
CA	honoree	honouree	1
CA	honoree's	honouree's	1
CA	honorees	honourees	1
CA	honorer	honourer	1
CA	honorers	honourers	1
CA	honoring	honouring	1
CA	honors	honours	1
CA	hoofs	hooves	0
CA	hooves	hoofs	0
CA	horse	horses	0
CA	horses	horse	0
CA	humor	humour	1
CA	humored	humoured	1
CA	humoring	humouring	1
CA	humorless	humourless	1
CA	humorlessly	humourlessly	1
CA	humorlessness	humourlessness	1
CA	humors	humours	1
CA	hundredweight	hundredweights	0
CA	hundredweights	hundredweight	0
CA	ibex	ibexes	0
CA	ibexes	ibex	0
CA	ibis	ibises	0
CA	ibises	ibis	0
CA	imagoes	imagos	1
CA	impala	impalas	0
CA	impalas	impala	0
CA	impanel	empanel	1
CA	impaneled	empanelled	1
CA	impaneling	empanelling	1
CA	impanels	empanels	1
CA	imperiled	imperilled	1
CA	imperiling	imperilling	1
CA	impostor	imposter	1
CA	impostor's	imposter's	1
CA	impostors	imposters	1
CA	indexes	indices	0
CA	indices	indexes	0
CA	initialed	initialled	1
CA	initialing	initialling	1
CA	innuendoes	innuendos	1
CA	installment	instalment	1
CA	installments	instalments	1
CA	inward	inwards	0
CA	inwards	inward	0
CA	jellyfish	jellyfishes	0
CA	jellyfishes	jellyfish	0
CA	jeweled	jewelled	1
CA	jeweler	jeweller	1
CA	jeweler's	jeweller's	1
CA	jewelers	jewellers	1
CA	jeweling	jewelling	1
CA	jewelries	jewelleries	1
CA	jewelry	jewellery	1
CA	jewelry's	jewellery's	1
CA	jibe	gybe	0
CA	jibed	gybed	0
CA	jibes	gybes	0
CA	jibing	gybing	0
CA	kangaroo	kangaroos	0
CA	kangaroos	kangaroo	0
CA	kenneled	kennelled	1
CA	kenneling	kennelling	1
CA	ketchup	catch-up	0
CA	kiloliter	kilolitre	1
CA	kiloliters	kilolitres	1
CA	kilometer	kilometre	1
CA	kilometers	kilometres	1
CA	kins	kin	1
CA	labeled	labelled	1
CA	labeling	labelling	1
CA	labor	labour	1
CA	labor's	labour's	1
CA	labored	laboured	1
CA	laborer	labourer	1
CA	laborer's	labourer's	1
CA	laborers	labourers	1
CA	laboring	labouring	1
CA	labors	labours	1
CA	laborsaving	laboursaving	1
CA	laced	lacked	0
CA	lacing	lacking	0
CA	lacked	laced	0
CA	lacking	lacing	0
CA	lackluster	lacklustre	1
CA	lambaste	lambast	1
CA	lambastes	lambasts	1
CA	lasagna	lasagne	1
CA	lasagnas	lasagnes	1
CA	lead-off	leadoff	0
CA	leadoff	lead-off	0
CA	leaped	leapt	0
CA	leapt	leaped	0
CA	leveled	levelled	1
CA	leveler	leveller	1
CA	leveler's	leveller's	1
CA	levelers	levellers	1
CA	leveling	levelling	1
CA	libeled	libelled	1
CA	libeler	libeller	1
CA	libeler's	libeller's	1
CA	libelers	libellers	1
CA	libeling	libelling	1
CA	libelous	libellous	1
CA	librae	libras	1
CA	license	licence	0
CA	licenses	licences	0
CA	light-headedness	lightheadedness	0
CA	lighted	lit	0
CA	lightheadedness	light-headedness	0
CA	likability	likeability	1
CA	likable	likeable	1
CA	likableness	likeableness	1
CA	ling	lings	0
CA	lings	ling	0
CA	lip-read	lipread	0
CA	lip-reader	lipreader	0
CA	lip-readers	lipreaders	0
CA	lip-reading	lipreading	0
CA	lipread	lip-read	0
CA	lipreader	lip-reader	0
CA	lipreaders	lip-readers	0
CA	lipreading	lip-reading	0
CA	lit	lighted	0
CA	liter	litre	1
CA	liters	litres	1
CA	lobster	lobsters	0
CA	lobsters	lobster	0
CA	long-standing	longstanding	0
CA	longeing	longing	1
CA	longstanding	long-standing	0
CA	louver	louvre	1
CA	louvered	louvred	1
CA	louvers	louvres	1
CA	lungfish	lungfishes	0
CA	lungfishes	lungfish	0
CA	luster	lustre	1
CA	lusterless	lustreless	1
CA	lynx	lynxes	0
CA	lynxes	lynx	0
CA	mackerel	mackerels	0
CA	mackerels	mackerel	0
CA	major-domo	majordomo	0
CA	major-domos	majordomos	0
CA	majordomo	major-domo	0
CA	majordomos	major-domos	0
CA	mallard	mallards	0
CA	mallards	mallard	0
CA	maneuver	manoeuvre	1
CA	maneuverability	manoeuvrability	1
CA	maneuverable	manoeuvrable	1
CA	maneuvered	manoeuvred	1
CA	maneuvering	manoeuvring	1
CA	maneuverings	manoeuvrings	1
CA	maneuvers	manoeuvres	1
CA	manifestoes	manifestos	1
CA	marlin	marlins	0
CA	marlins	marlin	0
CA	marshaled	marshalled	1
CA	marshaling	marshalling	1
CA	marten	martens	0
CA	martens	marten	0
CA	marveled	marvelled	1
CA	marveling	marvelling	1
CA	marvelous	marvellous	1
CA	marvelously	marvellously	1
CA	mat	matte	0
CA	maters	matres	1
CA	mats	mattes	0
CA	maxima	maximums	0
CA	maximums	maxima	0
CA	meager	meagre	1
CA	meagerly	meagrely	1
CA	meagerness	meagreness	1
CA	meaneing	meaning	1
CA	medalist	medallist	1
CA	medalist's	medallist's	1
CA	medalists	medallists	1
CA	megabuck	megabucks	1
CA	megameter	megametre	1
CA	megameters	megametres	1
CA	metaled	metalled	1
CA	meter	metre	0
CA	meter's	metre's	1
CA	meters	metres	0
CA	microfiber	microfibre	1
CA	microfibers	microfibres	1
CA	micrometer	micrometre	0
CA	micrometers	micrometres	0
CA	mid-range	midrange	0
CA	midrange	mid-range	0
CA	militaries	military	0
CA	military	militaries	0
CA	millennia	millenniums	0
CA	millenniums	millennia	0
CA	milliliter	millilitre	1
CA	milliliters	millilitres	1
CA	millimeter	millimetre	1
CA	millimeters	millimetres	1
CA	minima	minimums	0
CA	minimums	minima	0
CA	mink	minks	0
CA	minks	mink	0
CA	minnow	minnows	0
CA	minnows	minnow	0
CA	misbehavior	misbehaviour	1
CA	misdemeanor	misdemeanour	1
CA	misdemeanors	misdemeanours	1
CA	mises	misses	1
CA	mislabeled	mislabelled	1
CA	mislabeling	mislabelling	1
CA	misspelled	misspelt	0
CA	miter	mitre	1
CA	miter's	mitre's	1
CA	mitered	mitred	1
CA	mitering	mitring	1
CA	miters	mitres	1
CA	mitzvahs	mitzvot	0
CA	mitzvot	mitzvahs	0
CA	modeled	modelled	1
CA	modeler	modeller	1
CA	modeler's	modeller's	1
CA	modelers	modellers	1
CA	modeling	modelling	1
CA	modelings	modellings	1
CA	moggy	moggie	1
CA	mold	mould	1
CA	mold's	mould's	1
CA	moldable	mouldable	1
CA	molded	moulded	1
CA	molder	moulder	1
CA	moldered	mouldered	1
CA	moldering	mouldering	1
CA	molders	moulders	1
CA	moldier	mouldier	1
CA	moldiest	mouldiest	1
CA	moldiness	mouldiness	1
CA	molding	moulding	1
CA	molding's	moulding's	1
CA	moldings	mouldings	1
CA	molds	moulds	1
CA	moldy	mouldy	1
CA	mollusk	mollusc	1
CA	mollusk's	mollusc's	1
CA	mollusks	molluscs	1
CA	molt	moult	1
CA	molted	moulted	1
CA	molting	moulting	1
CA	molts	moults	1
CA	moonlighted	moonlit	0
CA	moonlit	moonlighted	0
CA	mullet	mullets	0
CA	mullets	mullet	0
CA	multicolored	multicoloured	1
CA	multistory	multistorey	1
CA	muskellunge	muskellunges	0
CA	muskellunges	muskellunge	0
CA	muskrat	muskrats	0
CA	muskrats	muskrat	0
CA	mustache	moustache	1
CA	mustached	moustached	1
CA	mustaches	moustaches	1
CA	nanometer	nanometre	1
CA	nanometers	nanometres	1
CA	naught	nought	1
CA	naughts	noughts	1
CA	neighbor	neighbour	1
CA	neighbor's	neighbour's	1
CA	neighbored	neighboured	1
CA	neighborhood	neighbourhood	1
CA	neighborhood's	neighbourhood's	1
CA	neighborhoods	neighbourhoods	1
CA	neighboring	neighbouring	1
CA	neighborliness	neighbourliness	1
CA	neighborly	neighbourly	1
CA	neighbors	neighbours	1
CA	newspeople	newspersons	0
CA	newspersons	newspeople	0
CA	niggas	niggaz	0
CA	niggaz	niggas	0
CA	niter	nitre	1
CA	nitroglycerin	nitroglycerine	1
CA	nonbinary	non-binary	1
CA	nonissue	non-issue	1
CA	nonissues	non-issues	1
CA	novenas	novenae	0
CA	novene	novenae	1
CA	novene	novenas	1
CA	numskull	numbskull	1
CA	numskull's	numbskull's	1
CA	numskulls	numbskulls	1
CA	ocher	ochre	1
CA	odor	odour	1
CA	odored	odoured	1
CA	odorless	odourless	1
CA	odors	odours	1
CA	offense	offence	1
CA	offense's	offence's	1
CA	offenses	offences	1
CA	ok	okay	1
CA	okapi	okapis	0
CA	okapis	okapi	0
CA	oked	okayed	1
CA	oking	okaying	1
CA	oks	okays	1
CA	omelet	omelette	1
CA	omelets	omelettes	1
CA	opossum	opossums	0
CA	opossums	opossum	0
CA	orthopedic	orthopaedic	1
CA	orthopedics	orthopaedics	1
CA	orthopedist	orthopaedist	1
CA	orthopedist's	orthopaedist's	1
CA	orthopedists	orthopaedists	1
CA	otter	otters	0
CA	otters	otter	0
CA	ourself	ourselves	0
CA	ourselves	ourself	0
CA	outmaneuver	outmanoeuvre	1
CA	outmaneuvered	outmanoeuvred	1
CA	outmaneuvering	outmanoeuvring	1
CA	outmaneuvers	outmanoeuvres	1
CA	outspoke	outspoken	1
CA	overladed	overladen	1
CA	oversize	oversized	1
CA	paced	packed	0
CA	pacing	packing	0
CA	packed	paced	0
CA	packing	pacing	0
CA	pajama	pyjama	1
CA	pajamas	pyjamas	1
CA	paneled	panelled	1
CA	paneling	panelling	1
CA	panelings	panellings	1
CA	panelist	panellist	1
CA	panelist's	panellist's	1
CA	panelists	panellists	1
CA	panther	panthers	0
CA	panthers	panther	0
CA	paralyzingly	paralysingly	1
CA	parceled	parcelled	1
CA	parceling	parcelling	1
CA	pari-mutuel	parimutuel	0
CA	pari-mutuels	parimutuels	0
CA	parimutuel	pari-mutuel	0
CA	parimutuels	pari-mutuels	0
CA	parlor	parlour	1
CA	parlor's	parlour's	1
CA	parlors	parlours	1
CA	patinas	patinae	0
CA	patine	patinae	1
CA	patine	patinas	1
CA	paycheck	paycheque	1
CA	paychecks	paycheques	1
CA	pe	poe	0
CA	peacock	peacocks	0
CA	peacocks	peacock	0
CA	peafowl	peafowls	0
CA	peafowls	peafowl	0
CA	pedaled	pedalled	1
CA	pedaling	pedalling	1
CA	pedophilia	paedophilia	1
CA	penciled	pencilled	1
CA	penciling	pencilling	1
CA	penne	pennae	1
CA	perch	perches	0
CA	perches	perch	0
CA	performative	preformative	1
CA	periled	perilled	1
CA	periling	perilling	1
CA	personae	personas	0
CA	personae's	personas'	0
CA	personas	personae	0
CA	personas'	personae's	0
CA	perv	prev	1
CA	petaled	petalled	1
CA	philter	philtre	1
CA	philters	philtres	1
CA	piaster	piastre	1
CA	piasters	piastres	1
CA	pickax	pickaxe	1
CA	pickerel	pickerels	0
CA	pickerels	pickerel	0
CA	pike	pikes	0
CA	pikes	pike	0
CA	piranha	piranhas	0
CA	piranhas	piranha	0
CA	platy	platys	0
CA	platys	platy	0
CA	plover	plovers	0
CA	plovers	plover	0
CA	plowman	ploughman	1
CA	plowman's	ploughman's	1
CA	plowmen	ploughmen	1
CA	plowmen's	ploughmen's	1
CA	plowshare	ploughshare	1
CA	plowshares	ploughshares	1
CA	plusses	pluses	1
CA	polecat	polecats	0
CA	polecats	polecat	0
CA	pollack	pollacks	0
CA	pollacks	pollack	0
CA	pommeled	pommelled	1
CA	pommeling	pommelling	1
CA	pompano	pompanos	0
CA	pompanos	pompano	0
CA	pop-up	popup	0
CA	pop-ups	popups	0
CA	popup	pop-up	0
CA	popups	pop-ups	0
CA	porgies	porgy	0
CA	porgy	porgies	0
CA	porpoise	porpoises	0
CA	porpoises	porpoise	0
CA	possum	possums	0
CA	possums	possum	0
CA	pound	pounds	0
CA	pounds	pound	0
CA	practice	practise	0
CA	practiced	practised	1
CA	practices	practises	0
CA	practicing	practising	1
CA	pre-owned	preowned	0
CA	pre-service	preservice	0
CA	preexist	pre-exist	1
CA	preexisted	pre-existed	1
CA	preexisting	pre-existing	1
CA	preexists	pre-exists	1
CA	preowned	pre-owned	0
CA	preservice	pre-service	0
CA	preshrank	preshrunk	0
CA	preshrunk	preshrank	0
CA	preterit	preterite	1
CA	preterits	preterites	1
CA	pronghorn	pronghorns	0
CA	pronghorns	pronghorn	0
CA	proved	proven	0
CA	proven	proved	0
CA	ptarmigan	ptarmigans	0
CA	ptarmigans	ptarmigan	0
CA	pummeled	pummelled	1
CA	pummeling	pummelling	1
CA	pured	pureed	1
CA	quail	quails	0
CA	quails	quail	0
CA	quarreled	quarrelled	1
CA	quarreler	quarreller	1
CA	quarreler's	quarreller's	1
CA	quarrelers	quarrellers	1
CA	quarreling	quarrelling	1
CA	rabbit	rabbits	0
CA	rabbits	rabbit	0
CA	raccoon	raccoons	0
CA	raccoons	raccoon	0
CA	racket	racquet	0
CA	rackets	racquets	0
CA	rail	rails	0
CA	rails	rail	0
CA	rancor	rancour	1
CA	raveled	ravelled	1
CA	raveling	ravelling	1
CA	recolor	recolour	1
CA	recolored	recoloured	1
CA	recoloring	recolouring	1
CA	recolors	recolours	1
CA	reconnoiter	reconnoitre	1
CA	reconnoitered	reconnoitred	1
CA	reconnoitering	reconnoitring	1
CA	reconnoiters	reconnoitres	1
CA	referenda	referendums	0
CA	referendums	referenda	0
CA	refueled	refuelled	1
CA	refueling	refuelling	1
CA	relabeled	relabelled	1
CA	relabeling	relabelling	1
CA	relighted	relit	0
CA	relit	relighted	0
CA	remodeled	remodelled	1
CA	remodeling	remodelling	1
CA	remold	remould	1
CA	remolded	remoulded	1
CA	remolding	remoulding	1
CA	remolds	remoulds	1
CA	reveled	revelled	1
CA	reveler	reveller	1
CA	reveler's	reveller's	1
CA	revelers	revellers	1
CA	reveling	revelling	1
CA	rhinoceros	rhinoceroses	0
CA	rhinoceros'	rhinoceroses'	0
CA	rhinoceroses	rhinoceros	0
CA	rhinoceroses'	rhinoceros'	0
CA	rigor	rigour	1
CA	rigors	rigours	1
CA	rip-off	ripoff	0
CA	rip-offs	ripoffs	0
CA	ripoff	rip-off	0
CA	ripoffs	rip-offs	0
CA	rivaled	rivalled	1
CA	rivaling	rivalling	1
CA	roach	roaches	0
CA	roaches	roach	0
CA	roe	roes	0
CA	roebuck	roebucks	0
CA	roebucks	roebuck	0
CA	roes	roe	0
CA	roll-top	rolltop	0
CA	rolltop	roll-top	0
CA	romania	roumania	1
CA	romania's	roumania's	1
CA	roweled	rowelled	1
CA	roweling	rowelling	1
CA	ruble	rouble	1
CA	ruble's	rouble's	1
CA	rubles	roubles	1
CA	rumor	rumour	1
CA	rumor's	rumour's	1
CA	rumored	rumoured	1
CA	rumoring	rumouring	1
CA	rumormonger	rumourmonger	1
CA	rumormonger's	rumourmonger's	1
CA	rumormongers	rumourmongers	1
CA	rumors	rumours	1
CA	saber	sabre	1
CA	saber's	sabre's	1
CA	sabers	sabres	1
CA	sable	sables	0
CA	sables	sable	0
CA	sailfish	sailfishes	0
CA	sailfishes	sailfish	0
CA	salable	saleable	1
CA	salmon	salmons	0
CA	salmons	salmon	0
CA	saltpeter	saltpetre	1
CA	sardine	sardines	0
CA	sardines	sardine	0
CA	savior	saviour	0
CA	savior's	saviour's	0
CA	saviors	saviours	1
CA	savor	savour	1
CA	savored	savoured	1
CA	savorier	savourier	1
CA	savories	savouries	1
CA	savoriest	savouriest	1
CA	savoriness	savouriness	1
CA	savoring	savouring	1
CA	savors	savours	1
CA	savory	savoury	1
CA	sawed	sawn	0
CA	scepter	sceptre	1
CA	scepters	sceptres	1
CA	seal	seals	0
CA	seals	seal	0
CA	sell-off	selloff	0
CA	sell-offs	selloffs	0
CA	selloff	sell-off	0
CA	selloffs	sell-offs	0
CA	send-off	sendoff	0
CA	send-offs	sendoffs	0
CA	sendoff	send-off	0
CA	sendoffs	send-offs	0
CA	sepulcher	sepulchre	1
CA	sepulchered	sepulchred	1
CA	sepulchering	sepulchring	1
CA	sepulchers	sepulchres	1
CA	shad	shads	0
CA	shads	shad	0
CA	shaved	shaven	0
CA	shaven	shaved	0
CA	sheared	shorn	0
CA	sheikh	sheik	1
CA	sheikh's	sheik's	1
CA	sheikhs	sheiks	1
CA	shellfish	shellfishes	0
CA	shellfishes	shellfish	0
CA	shorn	sheared	0
CA	shoveled	shovelled	1
CA	shoveling	shovelling	1
CA	show-off	showoff	0
CA	show-off's	showoff's	0
CA	show-offs	showoffs	0
CA	showoff	show-off	0
CA	showoff's	show-off's	0
CA	showoffs	show-offs	0
CA	shrimp	shrimps	0
CA	shrimps	shrimp	0
CA	shriveled	shrivelled	1
CA	shriveling	shrivelling	1
CA	signaled	signalled	1
CA	signaler	signaller	1
CA	signaler's	signaller's	1
CA	signalers	signallers	1
CA	signaling	signalling	1
CA	silverfish	silverfishes	0
CA	silverfishes	silverfish	0
CA	simple-mindedness	simplemindedness	0
CA	simplemindedness	simple-mindedness	0
CA	skate	skates	0
CA	skates	skate	0
CA	skillful	skilful	1
CA	skillfully	skilfully	1
CA	skillfulness	skilfulness	1
CA	skunk	skunks	0
CA	skunks	skunk	0
CA	slier	slyer	1
CA	sliest	slyest	1
CA	smelt	smelts	0
CA	smelts	smelt	0
CA	smolder	smoulder	1
CA	smoldered	smouldered	1
CA	smoldering	smouldering	1
CA	smolders	smoulders	1
CA	snapper	snappers	0
CA	snappers	snapper	0
CA	snipe	snipes	0
CA	snipes	snipe	0
CA	sniveled	snivelled	1
CA	sniveler	sniveller	1
CA	sniveler's	sniveller's	1
CA	snivelers	snivellers	1
CA	sniveling	snivelling	1
CA	snorkeled	snorkelled	1
CA	snorkeler	snorkeller	1
CA	snorkeling	snorkelling	1
CA	soft-pedaled	soft-pedalled	0
CA	soft-pedaling	soft-pedalling	0
CA	soft-pedalled	soft-pedaled	0
CA	soft-pedalling	soft-pedaling	0
CA	sole	soles	0
CA	soles	sole	0
CA	somber	sombre	1
CA	somberly	sombrely	1
CA	somberness	sombreness	1
CA	sowed	sown	0
CA	sown	sowed	0
CA	space-time	spacetime	0
CA	spacetime	space-time	0
CA	spearfish	spearfishes	0
CA	spearfishes	spearfish	0
CA	specter	spectre	1
CA	specter's	spectre's	1
CA	specters	spectres	1
CA	spin-off	spinoff	0
CA	spin-offs	spinoffs	0
CA	spinoff	spin-off	0
CA	spinoffs	spin-offs	0
CA	spiraled	spiralled	1
CA	spiraling	spiralling	1
CA	splendor	splendour	1
CA	splendors	splendours	1
CA	spotlighted	spotlit	0
CA	spotlit	spotlighted	0
CA	sprat	sprats	0
CA	sprats	sprat	0
CA	springbok	springboks	0
CA	springboks	springbok	0
CA	springeing	springing	1
CA	squab	squabs	0
CA	squabs	squab	0
CA	squid	squids	0
CA	squids	squid	0
CA	squier	squire	1
CA	squier's	squire's	1
CA	squirrel	squirrels	0
CA	squirreled	squirrelled	1
CA	squirreling	squirrelling	1
CA	squirrels	squirrel	0
CA	starfish	starfishes	0
CA	starfishes	starfish	0
CA	start-up	startup	0
CA	start-ups	startups	0
CA	startup	start-up	0
CA	startups	start-ups	0
CA	steer	steers	0
CA	steers	steer	0
CA	stenciled	stencilled	1
CA	stenciling	stencilling	1
CA	stepping-stone	steppingstone	0
CA	stepping-stones	steppingstones	0
CA	steppingstone	stepping-stone	0
CA	steppingstones	stepping-stones	0
CA	storied	storeyed	0
CA	stories	storeys	0
CA	story	storey	0
CA	story's	storey's	0
CA	strait-laced	straitlaced	0
CA	straitlaced	strait-laced	0
CA	strewed	strewn	0
CA	strewn	strewed	0
CA	strived	striven	0
CA	strived	strove	0
CA	striven	strived	0
CA	strove	strived	0
CA	sturgeon	sturgeons	0
CA	sturgeons	sturgeon	0
CA	subtotaled	subtotalled	1
CA	subtotaling	subtotalling	1
CA	succor	succour	1
CA	succored	succoured	1
CA	succoring	succouring	1
CA	succors	succours	1
CA	sulfate	sulphate	1
CA	sulfates	sulphates	1
CA	sulfide	sulphide	1
CA	sulfides	sulphides	1
CA	sulfur	sulphur	1
CA	sulfured	sulphured	1
CA	sulfuric	sulphuric	1
CA	sulfuring	sulphuring	1
CA	sulfurous	sulphurous	1
CA	sulfurs	sulphurs	1
CA	sunfish	sunfishes	0
CA	sunfishes	sunfish	0
CA	sweat	sweated	0
CA	sweated	sweat	0
CA	swingeing	swinging	0
CA	swinging	swingeing	0
CA	swiveled	swivelled	1
CA	swiveling	swivelling	1
CA	swordfish	swordfishes	0
CA	swordfishes	swordfish	0
CA	syntheses	synthesises	0
CA	tapir	tapirs	0
CA	tapirs	tapir	0
CA	tarpon	tarpons	0
CA	tarpons	tarpon	0
CA	tasseled	tasselled	1
CA	tasseling	tasselling	1
CA	tatami	tatamis	0
CA	tatamis	tatami	0
CA	teal	teals	0
CA	teals	teal	0
CA	teetotaler	teetotaller	1
CA	teetotaler's	teetotaller's	1
CA	teetotalers	teetotallers	1
CA	tegu	taegu	1
CA	theater	theatre	1
CA	theater's	theatre's	1
CA	theatergoer	theatregoer	1
CA	theatergoer's	theatregoer's	1
CA	theatergoers	theatregoers	1
CA	theaters	theatres	1
CA	thine	thy	0
CA	thruway	throughway	1
CA	thruways	throughways	1
CA	thunderstricken	thunderstruck	1
CA	thy	thine	0
CA	tick-tack-toe	ticktacktoe	0
CA	ticktacktoe	tick-tack-toe	0
CA	time-out	timeout	0
CA	time-outs	timeouts	0
CA	timeout	time-out	0
CA	timeouts	time-outs	0
CA	timor	timour	1
CA	timor's	timour's	1
CA	tinseled	tinselled	1
CA	tinseling	tinselling	1
CA	ton	tons	0
CA	tons	ton	0
CA	toss-up	tossup	0
CA	toss-ups	tossups	0
CA	tossup	toss-up	0
CA	tossups	toss-ups	0
CA	totaled	totalled	1
CA	totaling	totalling	1
CA	totalizator	totalisator	1
CA	totalizators	totalisators	1
CA	toweled	towelled	1
CA	toweling	towelling	1
CA	towelings	towellings	1
CA	trabecule	trabeculae	1
CA	trammeled	trammelled	1
CA	trammeling	trammelling	1
CA	traveled	travelled	1
CA	traveler	traveller	1
CA	traveler's	traveller's	1
CA	travelers	travellers	1
CA	traveling	travelling	1
CA	travelings	travellings	1
CA	trialed	trialled	1
CA	trialing	trialling	1
CA	tricolor	tricolour	1
CA	tricolored	tricoloured	1
CA	tricolors	tricolours	1
CA	trout	trouts	0
CA	trouts	trout	0
CA	troweled	trowelled	1
CA	troweling	trowelling	1
CA	tumor	tumour	1
CA	tumor's	tumour's	1
CA	tumors	tumours	1
CA	tuna	tunas	0
CA	tunas	tuna	0
CA	tune-up	tuneup	0
CA	tune-ups	tuneups	0
CA	tuneup	tune-up	0
CA	tuneups	tune-ups	0
CA	tunneled	tunnelled	1
CA	tunneler	tunneller	1
CA	tunnelers	tunnellers	1
CA	tunneling	tunnelling	1
CA	tunnies	tunny	0
CA	tunny	tunnies	0
CA	turbot	turbots	0
CA	turbots	turbot	0
CA	turn-off	turnoff	0
CA	turn-offs	turnoffs	0
CA	turnoff	turn-off	0
CA	turnoffs	turn-offs	0
CA	turtle	turtles	0
CA	turtles	turtle	0
CA	twink	twinks	0
CA	twinks	twink	0
CA	tyeing	tying	1
CA	unarmored	unarmoured	1
CA	unbeared	unborn	1
CA	unbiassed	unbiased	1
CA	unborne	unborn	1
CA	uncolored	uncoloured	1
CA	unequaled	unequalled	1
CA	unfavorable	unfavourable	1
CA	unfavorably	unfavourably	1
CA	unflavored	unflavoured	1
CA	unlabeled	unlabelled	1
CA	unlikable	unlikeable	1
CA	unpracticed	unpractised	1
CA	unraveled	unravelled	1
CA	unraveling	unravelling	1
CA	unrivaled	unrivalled	1
CA	unsavory	unsavoury	1
CA	unshoed	unshod	1
CA	unspoke	unspoken	1
CA	untrammeled	untrammelled	1
CA	untraveled	untravelled	1
CA	untrodden	untrod	1
CA	upward	upwards	0
CA	upwards	upward	0
CA	vaginae	vaginas	0
CA	vaginas	vaginae	0
CA	valor	valour	1
CA	vapor	vapour	1
CA	vapors	vapours	1
CA	vaporware	vapourware	1
CA	vapory	vapoury	1
CA	varicolored	varicoloured	1
CA	vertexes	vertices	0
CA	vertices	vertexes	0
CA	victualed	victualled	1
CA	victualing	victualling	1
CA	vigor	vigour	1
CA	virtualization	virtualisation	1
CA	virtuosos	virtuosi	1
CA	wainscoted	wainscotted	1
CA	wainscoting	wainscotting	1
CA	wainscotings	wainscottings	1
CA	waked	woken	1
CA	wallabies	wallaby	0
CA	wallaby	wallabies	0
CA	walleye	walleyes	0
CA	walleyes	walleye	0
CA	walrus	walruses	0
CA	walruses	walrus	0
CA	wapiti	wapitis	0
CA	wapitis	wapiti	0
CA	water-skiing	waterskiing	0
CA	watercolor	watercolour	1
CA	watercolor's	watercolour's	1
CA	watercolors	watercolours	1
CA	waterfowl	waterfowls	0
CA	waterfowls	waterfowl	0
CA	waterskiing	water-skiing	0
CA	weakfish	weakfishes	0
CA	weakfishes	weakfish	0
CA	weasel	weasels	0
CA	weasels	weasel	0
CA	whale	whales	0
CA	whales	whale	0
CA	whingeing	whinging	0
CA	whinging	whingeing	0
CA	whiskey	whisky	1
CA	whiskey's	whisky's	1
CA	whiskeys	whiskies	1
CA	whitefish	whitefishes	0
CA	whitefishes	whitefish	0
CA	whiting	whitings	0
CA	whitings	whiting	0
CA	wi-fi	wifi	0
CA	wifi	wi-fi	0
CA	wildcat	wildcats	0
CA	wildcats	wildcat	0
CA	wildebeest	wildebeests	0
CA	wildebeests	wildebeest	0
CA	willful	wilful	1
CA	willfully	wilfully	1
CA	willfulness	wilfulness	1
CA	windburnt	windburned	1
CA	wingeing	winging	1
CA	wolf	wolves	0
CA	wolves	wolf	0
CA	woolen	woollen	1
CA	woolens	woollens	1
CA	worshiped	worshipped	1
CA	worshiper	worshipper	1
CA	worshiper's	worshipper's	1
CA	worshipers	worshippers	1
CA	worshiping	worshipping	1
CA	yodeled	yodelled	1
CA	yodeler	yodeller	1
CA	yodeler's	yodeller's	1
CA	yodelers	yodellers	1
CA	yodeling	yodelling	1
CA	zebra	zebras	0
CA	zebras	zebra	0
CA	zillion	zillions	0
CA	zillions	zillion	0
AU	abettor	abetter	1
AU	abettor's	abetter's	1
AU	abettors	abetters	1
AU	abridgment	abridgement	1
AU	abridgments	abridgements	1
AU	absinthe	absinth	0
AU	accessorize	accessorise	1
AU	accessorized	accessorised	1
AU	accessorizes	accessorises	1
AU	accessorizing	accessorising	1
AU	acclimatization	acclimatisation	1
AU	acclimatize	acclimatise	1
AU	acclimatized	acclimatised	1
AU	acclimatizes	acclimatises	1
AU	acclimatizing	acclimatising	1
AU	accouter	accoutre	1
AU	accoutered	accoutred	1
AU	accoutering	accoutring	1
AU	accouterments	accoutrements	1
AU	accouters	accoutres	1
AU	acknowledgment	acknowledgement	1
AU	acknowledgments	acknowledgements	1
AU	actualization	actualisation	1
AU	actualize	actualise	1
AU	actualized	actualised	1
AU	actualizes	actualises	1
AU	actualizing	actualising	1
AU	adonizes	adonises	1
AU	advisor	adviser	1
AU	advisor's	adviser's	1
AU	advisors	advisers	1
AU	afterward	afterwards	1
AU	aggrandize	aggrandise	1
AU	aggrandized	aggrandised	1
AU	aggrandizement	aggrandisement	1
AU	aggrandizes	aggrandises	1
AU	aggrandizing	aggrandising	1
AU	aging	ageing	1
AU	aging's	ageing's	1
AU	agings	ageings	1
AU	agonize	agonise	1
AU	agonized	agonised	1
AU	agonizes	agonises	1
AU	agonizing	agonising	1
AU	agonizingly	agonisingly	1
AU	airfoil	aerofoil	1
AU	airfoils	aerofoils	1
AU	airplane	aeroplane	1
AU	airplane's	aeroplane's	1
AU	airplanes	aeroplanes	1
AU	albacore	albacores	0
AU	albacores	albacore	0
AU	albatross	albatrosses	0
AU	albatrosses	albatross	0
AU	alkalize	alkalise	1
AU	alkalized	alkalised	1
AU	alkalizes	alkalises	1
AU	alkalizing	alkalising	1
AU	alphabetization	alphabetisation	1
AU	alphabetizations	alphabetisations	1
AU	alphabetize	alphabetise	1
AU	alphabetized	alphabetised	1
AU	alphabetizer	alphabetiser	1
AU	alphabetizer's	alphabetiser's	1
AU	alphabetizers	alphabetisers	1
AU	alphabetizes	alphabetises	1
AU	alphabetizing	alphabetising	1
AU	aluminum	aluminium	1
AU	aluminum's	aluminium's	1
AU	ambiance	ambience	1
AU	ambiances	ambiences	1
AU	americanization	americanisation	1
AU	americanize	americanise	1
AU	americanized	americanised	1
AU	americanizes	americanises	1
AU	americanizing	americanising	1
AU	among	amongst	1
AU	amortizable	amortisable	1
AU	amortization	amortisation	1
AU	amortizations	amortisations	1
AU	amortize	amortise	1
AU	amortized	amortised	1
AU	amortizes	amortises	1
AU	amortizing	amortising	1
AU	amphitheater	amphitheatre	1
AU	amphitheaters	amphitheatres	1
AU	analogize	analogise	1
AU	analogized	analogised	1
AU	analogizes	analogises	1
AU	analogizing	analogising	1
AU	analyzable	analysable	1
AU	analyze	analyse	1
AU	analyzed	analysed	1
AU	analyzer	analyser	1
AU	analyzer's	analyser's	1
AU	analyzers	analysers	1
AU	analyzes	analyses	1
AU	analyzing	analysing	1
AU	anapest	anapaest	1
AU	anapestic	anapaestic	1
AU	anapestics	anapaestics	1
AU	anapests	anapaests	1
AU	anathematize	anathematise	1
AU	anathematized	anathematised	1
AU	anathematizes	anathematises	1
AU	anathematizing	anathematising	1
AU	anatomize	anatomise	1
AU	anatomized	anatomised	1
AU	anatomizes	anatomises	1
AU	anatomizing	anatomising	1
AU	anemia	anaemia	1
AU	anemic	anaemic	1
AU	anemically	anaemically	1
AU	anesthesia	anaesthesia	1
AU	anesthesiologist	anaesthesiologist	1
AU	anesthesiologist's	anaesthesiologist's	1
AU	anesthesiologists	anaesthesiologists	1
AU	anesthesiology	anaesthesiology	1
AU	anesthetic	anaesthetic	1
AU	anesthetics	anaesthetics	1
AU	anesthetist	anaesthetist	1
AU	anesthetist's	anaesthetist's	1
AU	anesthetists	anaesthetists	1
AU	anesthetization	anaesthetisation	1
AU	anesthetize	anaesthetise	1
AU	anesthetized	anaesthetised	1
AU	anesthetizes	anaesthetises	1
AU	anesthetizing	anaesthetising	1
AU	angelfish	angelfishes	0
AU	angelfishes	angelfish	0
AU	anglicize	anglicise	0
AU	anglicized	anglicised	1
AU	anglicizes	anglicises	1
AU	anglicizing	anglicising	1
AU	annex	annexe	0
AU	annualized	annualised	1
AU	anodize	anodise	1
AU	anodized	anodised	1
AU	anodizes	anodises	1
AU	anodizing	anodising	1
AU	anons	ana	1
AU	antagonize	antagonise	1
AU	antagonized	antagonised	1
AU	antagonizes	antagonises	1
AU	antagonizing	antagonising	1
AU	antelope	antelopes	0
AU	antelopes	antelope	0
AU	anthologize	anthologise	1
AU	anthologized	anthologised	1
AU	anthologizes	anthologises	1
AU	anthologizing	anthologising	1
AU	anthropomorphize	anthropomorphise	1
AU	anti-aircraft	antiaircraft	1
AU	antiestablishment	anti-establishment	1
AU	antilabor	antilabour	1
AU	apnea	apnoea	1
AU	apneas	apnoeas	1
AU	apologize	apologise	1
AU	apologized	apologised	1
AU	apologizes	apologises	1
AU	apologizing	apologising	1
AU	apostatize	apostatise	1
AU	apostatized	apostatised	1
AU	apostatizes	apostatises	1
AU	apostatizing	apostatising	1
AU	appall	appal	1
AU	appalls	appals	1
AU	appareled	apparelled	1
AU	appareling	apparelling	1
AU	appetizer	appetiser	1
AU	appetizers	appetisers	1
AU	appetizing	appetising	1
AU	appetizingly	appetisingly	1
AU	apprize	apprise	1
AU	apprized	apprised	1
AU	apprizes	apprises	1
AU	apprizing	apprising	1
AU	arbor	arbour	1
AU	arbors	arbours	1
AU	ardor	ardour	1
AU	ardors	ardours	1
AU	armor	armour	1
AU	armor's	armour's	1
AU	armored	armoured	1
AU	armorer	armourer	1
AU	armorer's	armourer's	1
AU	armorers	armourers	1
AU	armories	armouries	1
AU	armoring	armouring	1
AU	armors	armours	1
AU	armory	armoury	1
AU	artifact	artefact	1
AU	artifact's	artefact's	1
AU	artifacts	artefacts	1
AU	ass	arse	0
AU	ass's	arse's	0
AU	asses	arses	1
AU	asshole	arsehole	1
AU	asshole's	arsehole's	1
AU	assholes	arseholes	1
AU	atomize	atomise	1
AU	atomized	atomised	1
AU	atomizer	atomiser	1
AU	atomizers	atomisers	1
AU	atomizes	atomises	1
AU	atomizing	atomising	1
AU	attitudinize	attitudinise	1
AU	attitudinized	attitudinised	1
AU	attitudinizes	attitudinises	1
AU	attitudinizing	attitudinising	1
AU	authorization	authorisation	1
AU	authorizations	authorisations	1
AU	authorize	authorise	1
AU	authorized	authorised	1
AU	authorizes	authorises	1
AU	authorizing	authorising	1
AU	automatize	automatise	1
AU	automatized	automatised	1
AU	automatizes	automatises	1
AU	automatizing	automatising	1
AU	ax	axe	1
AU	ax's	axe's	1
AU	back-pedaled	back-pedalled	0
AU	back-pedaling	back-pedalling	0
AU	back-pedalled	back-pedaled	0
AU	back-pedalling	back-pedaling	0
AU	backlighted	backlit	1
AU	backpedaled	backpedalled	1
AU	backpedaling	backpedalling	1
AU	backward	backwards	0
AU	balk	baulk	1
AU	balked	baulked	1
AU	balking	baulking	1
AU	balks	baulks	1
AU	baptize	baptise	1
AU	baptized	baptised	1
AU	baptizer	baptiser	1
AU	baptizers	baptisers	1
AU	baptizes	baptises	1
AU	baptizing	baptising	1
AU	barbarize	barbarise	1
AU	barbarized	barbarised	1
AU	barbarizes	barbarises	1
AU	barbarizing	barbarising	1
AU	bark	barque	0
AU	barks	barques	0
AU	barracuda	barracudas	0
AU	barracudas	barracuda	0
AU	barreled	barrelled	1
AU	barreling	barrelling	1
AU	bass	basses	0
AU	basses	bass	0
AU	bastardization	bastardisation	1
AU	bastardizations	bastardisations	1
AU	bastardize	bastardise	1
AU	bastardized	bastardised	1
AU	bastardizes	bastardises	1
AU	bastardizing	bastardising	1
AU	bear	bears	0
AU	bears	bear	0
AU	beaver	beavers	0
AU	beavers	beaver	0
AU	bedeviled	bedevilled	1
AU	bedeviling	bedevilling	1
AU	behavior	behaviour	1
AU	behavioral	behavioural	1
AU	behaviorally	behaviourally	1
AU	behaviorism	behaviourism	1
AU	behaviorist	behaviourist	1
AU	behaviorist's	behaviourist's	1
AU	behaviorists	behaviourists	1
AU	behaviors	behaviours	1
AU	behoove	behove	1
AU	behooved	behoved	1
AU	behooves	behoves	1
AU	behooving	behoving	1
AU	bejeweled	bejewelled	1
AU	bejeweling	bejewelling	1
AU	belabor	belabour	1
AU	belabored	belaboured	1
AU	belaboring	belabouring	1
AU	belabors	belabours	1
AU	beluga	belugas	0
AU	belugas	beluga	0
AU	beria	baeria	1
AU	beria's	baeria's	1
AU	beveled	bevelled	1
AU	beveling	bevelling	1
AU	beyer	baeyer	1
AU	beyer's	baeyer's	1
AU	bighorn	bighorns	0
AU	bighorns	bighorn	0
AU	blamable	blameable	1
AU	blond	blonde	0
AU	blond's	blonde's	0
AU	blonds	blondes	0
AU	blowzier	blowsier	1
AU	blowziest	blowsiest	1
AU	blowzy	blowsy	1
AU	bluefish	bluefishes	0
AU	bluefishes	bluefish	0
AU	bobcat	bobcats	0
AU	bobcats	bobcat	0
AU	bold-faced	boldfaced	0
AU	boldfaced	bold-faced	0
AU	bonito	bonitos	0
AU	bonitos	bonito	0
AU	bowdlerization	bowdlerisation	1
AU	bowdlerizations	bowdlerisations	1
AU	bowdlerize	bowdlerise	1
AU	bowdlerized	bowdlerised	1
AU	bowdlerizes	bowdlerises	1
AU	bowdlerizing	bowdlerising	1
AU	bream	breams	0
AU	breams	bream	0
AU	breathalyze	breathalyse	1
AU	breathalyzed	breathalysed	1
AU	breathalyzer	breathalyser	0
AU	breathalyzers	breathalysers	0
AU	breathalyzes	breathalyses	1
AU	breathalyzing	breathalysing	1
AU	brown-noser	brownnoser	0
AU	brownnoser	brown-noser	0
AU	brutalization	brutalisation	1
AU	brutalize	brutalise	1
AU	brutalized	brutalised	1
AU	brutalizes	brutalises	1
AU	brutalizing	brutalising	1
AU	buffalo	buffaloes	0
AU	buffaloes	buffalo	0
AU	bureaucratization	bureaucratisation	1
AU	bureaucratize	bureaucratise	1
AU	bureaucratized	bureaucratised	1
AU	bureaucratizes	bureaucratises	1
AU	bureaucratizing	bureaucratising	1
AU	burglarize	burglarise	1
AU	burglarized	burglarised	1
AU	burglarizes	burglarises	1
AU	burglarizing	burglarising	1
AU	burka	burqa	1
AU	burkas	burqas	1
AU	bused	bussed	1
AU	buses	busses	0
AU	busheled	bushelled	1
AU	busheling	bushelling	1
AU	busing	bussing	1
AU	by-product	byproduct	0
AU	by-products	byproducts	0
AU	bye-law	bylaw	0
AU	bye-laws	bylaws	0
AU	bylaw	bye-law	0
AU	bylaws	bye-laws	0
AU	byproduct	by-product	0
AU	byproducts	by-products	0
AU	caftan	kaftan	1
AU	caftans	kaftans	1
AU	caliber	calibre	1
AU	calibers	calibres	1
AU	calisthenic	callisthenic	1
AU	calisthenics	callisthenics	1
AU	calk	caulk	1
AU	calked	caulked	1
AU	calking	caulking	1
AU	calks	caulks	1
AU	canalization	canalisation	1
AU	canalize	canalise	1
AU	canalized	canalised	1
AU	canalizes	canalises	1
AU	canalizing	canalising	1
AU	canceled	cancelled	1
AU	canceler	canceller	1
AU	cancelers	cancellers	1
AU	canceling	cancelling	1
AU	cancelous	cancellous	1
AU	candor	candour	1
AU	cannibalization	cannibalisation	1
AU	cannibalize	cannibalise	1
AU	cannibalized	cannibalised	1
AU	cannibalizes	cannibalises	1
AU	cannibalizing	cannibalising	1
AU	canonization	canonisation	1
AU	canonizations	canonisations	1
AU	canonize	canonise	1
AU	canonized	canonised	1
AU	canonizes	canonises	1
AU	canonizing	canonising	1
AU	canvasback	canvasbacks	0
AU	canvasbacks	canvasback	0
AU	capitalization	capitalisation	1
AU	capitalize	capitalise	1
AU	capitalized	capitalised	1
AU	capitalizes	capitalises	1
AU	capitalizing	capitalising	1
AU	capsulize	capsulise	1
AU	capsulized	capsulised	1
AU	capsulizes	capsulises	1
AU	capsulizing	capsulising	1
AU	caramelize	caramelise	1
AU	caramelized	caramelised	1
AU	caramelizes	caramelises	1
AU	caramelizing	caramelising	1
AU	caravansaries	caravansary	0
AU	caravansary	caravansaries	0
AU	carbonize	carbonise	1
AU	carbonized	carbonised	1
AU	carbonizes	carbonises	1
AU	carbonizing	carbonising	1
AU	carburetor	carburettor	1
AU	carburetors	carburettors	1
AU	cardie	cardiae	1
AU	caribou	caribous	0
AU	caribous	caribou	0
AU	caroled	carolled	1
AU	caroler	caroller	1
AU	caroler's	caroller's	1
AU	carolers	carollers	1
AU	caroling	carolling	1
AU	carp	carps	0
AU	carps	carp	0
AU	caster	castor	0
AU	caster's	castor's	0
AU	casters	castors	0
AU	catalog	catalogue	1
AU	catalog's	catalogue's	1
AU	cataloged	catalogued	1
AU	cataloger	cataloguer	1
AU	cataloger's	cataloguer's	1
AU	catalogers	cataloguers	1
AU	cataloging	cataloguing	1
AU	catalogs	catalogues	1
AU	catalyze	catalyse	1
AU	catalyzed	catalysed	1
AU	catalyzes	catalyses	1
AU	catalyzing	catalysing	1
AU	catch-up	ketchup	0
AU	catechize	catechise	1
AU	catechized	catechised	1
AU	catechizes	catechises	1
AU	catechizing	catechising	1
AU	categorization	categorisation	1
AU	categorization's	categorisation's	1
AU	categorizations	categorisations	1
AU	categorize	categorise	1
AU	categorized	categorised	1
AU	categorizes	categorises	1
AU	categorizing	categorising	1
AU	cater-corner	catercorner	0
AU	catercorner	cater-corner	0
AU	catfish	catfishes	0
AU	catfishes	catfish	0
AU	catheterize	catheterise	1
AU	catheterized	catheterised	1
AU	catheterizes	catheterises	1
AU	catheterizing	catheterising	1
AU	cauterization	cauterisation	1
AU	cauterize	cauterise	1
AU	cauterized	cauterised	1
AU	cauterizes	cauterises	1
AU	cauterizing	cauterising	1
AU	caviled	cavilled	1
AU	caviler	caviller	1
AU	caviler's	caviller's	1
AU	cavilers	cavillers	1
AU	caviling	cavilling	1
AU	ceca	caeca	1
AU	cecum	caecum	1
AU	celiac	coeliac	1
AU	cenobite	coenobite	1
AU	cenobite's	coenobite's	1
AU	cenobites	coenobites	1
AU	cenobitic	coenobitic	1
AU	center	centre	1
AU	center's	centre's	1
AU	centerboard	centreboard	1
AU	centerboards	centreboards	1
AU	centered	centred	1
AU	centerfold	centrefold	1
AU	centerfolds	centrefolds	1
AU	centering	centring	1
AU	centerline	centreline	1
AU	centerlines	centrelines	1
AU	centerpiece	centrepiece	1
AU	centerpieces	centrepieces	1
AU	centers	centres	1
AU	centiliter	centilitre	1
AU	centiliters	centilitres	1
AU	centimeter	centimetre	1
AU	centimeters	centimetres	1
AU	centralization	centralisation	1
AU	centralize	centralise	1
AU	centralized	centralised	1
AU	centralizer	centraliser	1
AU	centralizers	centralisers	1
AU	centralizes	centralises	1
AU	centralizing	centralising	1
AU	cere	cree	1
AU	cere's	cree's	1
AU	cered	creed	1
AU	cesar	caesar	0
AU	cesarean	caesarean	1
AU	cesareans	caesareans	1
AU	cesium	caesium	1
AU	change-up	changeup	0
AU	changeup	change-up	0
AU	channeled	channelled	1
AU	channeling	channelling	1
AU	channelization	channelisation	1
AU	channelize	channelise	1
AU	channelized	channelised	1
AU	channelizes	channelises	1
AU	channelizing	channelising	1
AU	chaperon	chaperone	1
AU	chaperon's	chaperone's	1
AU	chaperons	chaperones	1
AU	char	chars	0
AU	characterization	characterisation	1
AU	characterizations	characterisations	1
AU	characterize	characterise	1
AU	characterized	characterised	1
AU	characterizes	characterises	1
AU	characterizing	characterising	1
AU	chars	char	0
AU	check	cheque	0
AU	checkbook	chequebook	1
AU	checkbooks	chequebooks	1
AU	checker	chequer	0
AU	checker's	chequer's	0
AU	checkerboard	chequerboard	1
AU	checkerboards	chequerboards	1
AU	checkered	chequered	0
AU	checkering	chequering	0
AU	checkers	chequers	0
AU	checks	cheques	0
AU	chili	chilli	1
AU	chili's	chilli's	1
AU	chilies	chillies	1
AU	chiseled	chiselled	1
AU	chiseler	chiseller	1
AU	chiseler's	chiseller's	1
AU	chiselers	chisellers	1
AU	chiseling	chiselling	1
AU	chocolaty	chocolatey	1
AU	christianize	christianise	1
AU	chub	chubs	0
AU	chubs	chub	0
AU	circularize	circularise	1
AU	circularized	circularised	1
AU	circularizes	circularises	1
AU	circularizing	circularising	1
AU	civilization	civilisation	1
AU	civilization's	civilisation's	1
AU	civilizations	civilisations	1
AU	civilize	civilise	1
AU	civilized	civilised	1
AU	civilizes	civilises	1
AU	civilizing	civilising	1
AU	clamor	clamour	1
AU	clamored	clamoured	1
AU	clamoring	clamouring	1
AU	clamors	clamours	1
AU	clangor	clangour	1
AU	clarinetist	clarinettist	1
AU	clarinetist's	clarinettist's	1
AU	clarinetists	clarinettists	1
AU	clover	clovers	0
AU	clovers	clover	0
AU	cod	cods	0
AU	codfish	codfishes	0
AU	codfishes	codfish	0
AU	cods	cod	0
AU	cognizable	cognisable	1
AU	cognizance	cognisance	1
AU	cognizant	cognisant	1
AU	coho	cohos	0
AU	cohos	coho	0
AU	collateralize	collateralise	1
AU	collectible	collectable	1
AU	collectibles	collectables	1
AU	collectivization	collectivisation	1
AU	collectivize	collectivise	1
AU	collectivized	collectivised	1
AU	collectivizes	collectivises	1
AU	collectivizing	collectivising	1
AU	colonization	colonisation	1
AU	colonize	colonise	1
AU	colonized	colonised	1
AU	colonizer	coloniser	1
AU	colonizer's	coloniser's	1
AU	colonizers	colonisers	1
AU	colonizes	colonises	1
AU	colonizing	colonising	1
AU	color	colour	1
AU	color's	colour's	1
AU	colorant	colourant	1
AU	colorants	colourants	1
AU	colorblind	colourblind	1
AU	colorblindness	colourblindness	1
AU	colorectal	colourectal	1
AU	colored	coloured	1
AU	coloreds	coloureds	1
AU	colorfast	colourfast	1
AU	colorfastness	colourfastness	1
AU	colorful	colourful	1
AU	colorfully	colourfully	1
AU	colorfulness	colourfulness	1
AU	coloring	colouring	1
AU	colorist	colourist	1
AU	colorists	colourists	1
AU	colorization	colourisation	1
AU	colorizations	colourisations	1
AU	colorize	colourise	1
AU	colorized	colourised	1
AU	colorizes	colourises	1
AU	colorizing	colourising	1
AU	colorless	colourless	1
AU	colorlessly	colourlessly	1
AU	colorlessness	colourlessness	1
AU	colors	colours	1
AU	colorway	colourway	1
AU	colorways	colourways	1
AU	commercialization	commercialisation	1
AU	commercialize	commercialise	1
AU	commercialized	commercialised	1
AU	commercializes	commercialises	1
AU	commercializing	commercialising	1
AU	common-sense	commonsense	0
AU	commonsense	common-sense	0
AU	compartmentalization	compartmentalisation	1
AU	compartmentalize	compartmentalise	1
AU	compartmentalized	compartmentalised	1
AU	compartmentalizes	compartmentalises	1
AU	compartmentalizing	compartmentalising	1
AU	computerization	computerisation	1
AU	computerize	computerise	1
AU	computerized	computerised	1
AU	computerizes	computerises	1
AU	computerizing	computerising	1
AU	conceptualization	conceptualisation	1
AU	conceptualizations	conceptualisations	1
AU	conceptualize	conceptualise	1
AU	conceptualized	conceptualised	1
AU	conceptualizes	conceptualises	1
AU	conceptualizing	conceptualising	1
AU	concertize	concertise	1
AU	concertized	concertised	1
AU	concertizes	concertises	1
AU	concertizing	concertising	1
AU	conches	conchs	1
AU	containerization	containerisation	1
AU	containerize	containerise	1
AU	containerized	containerised	1
AU	containerizes	containerises	1
AU	containerizing	containerising	1
AU	contextualization	contextualisation	1
AU	contextualize	contextualise	1
AU	contextualized	contextualised	1
AU	contextualizes	contextualises	1
AU	contextualizing	contextualising	1
AU	conventionalize	conventionalise	1
AU	conventionalized	conventionalised	1
AU	conventionalizes	conventionalises	1
AU	conventionalizing	conventionalising	1
AU	costumier	costumire	1
AU	cougar	cougars	0
AU	cougars	cougar	0
AU	councilor	councillor	1
AU	councilor's	councillor's	1
AU	councilors	councillors	1
AU	counseled	counselled	1
AU	counseling	counselling	1
AU	counselings	counsellings	1
AU	counselor	counsellor	1
AU	counselor's	counsellor's	1
AU	counselors	counsellors	1
AU	court-martialed	court-martialled	0
AU	court-martialing	court-martialling	0
AU	court-martialled	court-martialed	0
AU	court-martialling	court-martialing	0
AU	cozied	cosied	1
AU	cozier	cosier	1
AU	cozies	cosies	1
AU	coziest	cosiest	1
AU	cozily	cosily	1
AU	coziness	cosiness	1
AU	cozy	cosy	1
AU	cozy's	cosy's	1
AU	cozying	cosying	1
AU	crappie	crappies	0
AU	crappies	crappie	0
AU	crawfishes	crawfish	1
AU	crayfish	crayfishes	0
AU	crayfishes	crayfish	0
AU	crenelate	crenellate	1
AU	crenelated	crenellated	1
AU	crenelates	crenellates	1
AU	crenelating	crenellating	1
AU	crenelation	crenellation	1
AU	crenelations	crenellations	1
AU	criminalization	criminalisation	1
AU	criminalize	criminalise	1
AU	criminalized	criminalised	1
AU	criminalizes	criminalises	1
AU	criminalizing	criminalising	1
AU	criticize	criticise	1
AU	criticized	criticised	1
AU	criticizer	criticiser	1
AU	criticizers	criticisers	1
AU	criticizes	criticises	1
AU	criticizing	criticising	1
AU	crosier	crozier	1
AU	crosiers	croziers	1
AU	cross-hatching	crosshatching	0
AU	crosshatching	cross-hatching	0
AU	crueler	crueller	1
AU	cruelest	cruellest	1
AU	crystallization	crystallisation	1
AU	crystallize	crystallise	1
AU	crystallized	crystallised	1
AU	crystallizes	crystallises	1
AU	crystallizing	crystallising	1
AU	cudgeled	cudgelled	1
AU	cudgeling	cudgelling	1
AU	curb	kerb	0
AU	curbed	kerbed	0
AU	curbing	kerbing	0
AU	curbs	kerbs	0
AU	customizable	customisable	1
AU	customization	customisation	1
AU	customize	customise	1
AU	customized	customised	1
AU	customizes	customises	1
AU	customizing	customising	1
AU	cuttlefish	cuttlefishes	0
AU	cuttlefishes	cuttlefish	0
AU	czar	tsar	1
AU	czar's	tsar's	1
AU	czars	tsars	1
AU	dace	daces	0
AU	daces	dace	0
AU	dagoes	dagos	0
AU	dagos	dagoes	0
AU	decentralization	decentralisation	1
AU	decentralize	decentralise	1
AU	decentralized	decentralised	1
AU	decentralizes	decentralises	1
AU	decentralizing	decentralising	1
AU	deciliter	decilitre	1
AU	deciliters	decilitres	1
AU	decimalization	decimalisation	1
AU	decimeter	decimetre	1
AU	decimeters	decimetres	1
AU	decolonization	decolonisation	1
AU	decolonize	decolonise	1
AU	decolonized	decolonised	1
AU	decolonizes	decolonises	1
AU	decolonizing	decolonising	1
AU	decriminalization	decriminalisation	1
AU	decriminalize	decriminalise	1
AU	decriminalized	decriminalised	1
AU	decriminalizes	decriminalises	1
AU	decriminalizing	decriminalising	1
AU	deemphasize	deemphasise	1
AU	deemphasized	deemphasised	1
AU	deemphasizes	deemphasises	1
AU	deemphasizing	deemphasising	1
AU	defense	defence	1
AU	defense's	defence's	1
AU	defensed	defenced	1
AU	defenseless	defenceless	1
AU	defenselessly	defencelessly	1
AU	defenselessness	defencelessness	1
AU	defenseman	defenceman	1
AU	defensemen	defencemen	1
AU	defenses	defences	1
AU	defensing	defencing	1
AU	dehumanization	dehumanisation	1
AU	dehumanize	dehumanise	1
AU	dehumanized	dehumanised	1
AU	dehumanizes	dehumanises	1
AU	dehumanizing	dehumanising	1
AU	delegitimize	delegitimise	1
AU	delegitimized	delegitimised	1
AU	delegitimizes	delegitimises	1
AU	delegitimizing	delegitimising	1
AU	demagnetization	demagnetisation	1
AU	demagnetize	demagnetise	1
AU	demagnetized	demagnetised	1
AU	demagnetizes	demagnetises	1
AU	demagnetizing	demagnetising	1
AU	demeanor	demeanour	1
AU	demilitarization	demilitarisation	1
AU	demilitarize	demilitarise	1
AU	demilitarized	demilitarised	1
AU	demilitarizes	demilitarises	1
AU	demilitarizing	demilitarising	1
AU	demobilization	demobilisation	1
AU	demobilize	demobilise	1
AU	demobilized	demobilised	1
AU	demobilizes	demobilises	1
AU	demobilizing	demobilising	1
AU	democratization	democratisation	1
AU	democratize	democratise	1
AU	democratized	democratised	1
AU	democratizes	democratises	1
AU	democratizing	democratising	1
AU	demonetization	demonetisation	1
AU	demonetize	demonetise	1
AU	demonetized	demonetised	1
AU	demonetizes	demonetises	1
AU	demonetizing	demonetising	1
AU	demonization	demonisation	1
AU	demonize	demonise	1
AU	demonized	demonised	1
AU	demonizes	demonises	1
AU	demonizing	demonising	1
AU	demoralization	demoralisation	1
AU	demoralize	demoralise	1
AU	demoralized	demoralised	1
AU	demoralizes	demoralises	1
AU	demoralizing	demoralising	1
AU	denationalization	denationalisation	1
AU	denationalize	denationalise	1
AU	denationalized	denationalised	1
AU	denationalizes	denationalises	1
AU	denationalizing	denationalising	1
AU	dentin	dentine	1
AU	denuclearize	denuclearise	1
AU	denuclearized	denuclearised	1
AU	denuclearizes	denuclearises	1
AU	denuclearizing	denuclearising	1
AU	deodorization	deodorisation	1
AU	deodorize	deodorise	1
AU	deodorized	deodorised	1
AU	deodorizer	deodoriser	1
AU	deodorizers	deodorisers	1
AU	deodorizes	deodorises	1
AU	deodorizing	deodorising	1
AU	departmentalization	departmentalisation	1
AU	departmentalize	departmentalise	1
AU	departmentalized	departmentalised	1
AU	departmentalizes	departmentalises	1
AU	departmentalizing	departmentalising	1
AU	dependent	dependant	0
AU	dependent's	dependant's	1
AU	dependents	dependants	1
AU	depersonalize	depersonalise	1
AU	depersonalized	depersonalised	1
AU	depersonalizes	depersonalises	1
AU	depersonalizing	depersonalising	1
AU	depolarization	depolarisation	1
AU	depolarize	depolarise	1
AU	depolarized	depolarised	1
AU	depolarizes	depolarises	1
AU	depolarizing	depolarising	1
AU	depoliticize	depoliticise	1
AU	depoliticized	depoliticised	1
AU	depoliticizes	depoliticises	1
AU	depoliticizing	depoliticising	1
AU	depressurization	depressurisation	1
AU	depressurize	depressurise	1
AU	depressurized	depressurised	1
AU	depressurizes	depressurises	1
AU	depressurizing	depressurising	1
AU	deputize	deputise	1
AU	deputized	deputised	1
AU	deputizes	deputises	1
AU	deputizing	deputising	1
AU	desalinization	desalinisation	1
AU	desalinize	desalinise	1
AU	desalinized	desalinised	1
AU	desalinizes	desalinises	1
AU	desalinizing	desalinising	1
AU	descendant	descendent	0
AU	desensitization	desensitisation	1
AU	desensitize	desensitise	1
AU	desensitized	desensitised	1
AU	desensitizes	desensitises	1
AU	desensitizing	desensitising	1
AU	deserialization	deserialisation	1
AU	deserializations	deserialisations	1
AU	deserialize	deserialise	1
AU	deserialized	deserialised	1
AU	deserializes	deserialises	1
AU	deserializing	deserialising	1
AU	destabilization	destabilisation	1
AU	destabilize	destabilise	1
AU	destabilized	destabilised	1
AU	destabilizes	destabilises	1
AU	destabilizing	destabilising	1
AU	deviled	devilled	1
AU	deviling	devilling	1
AU	devitalize	devitalise	1
AU	devitalized	devitalised	1
AU	devitalizes	devitalises	1
AU	devitalizing	devitalising	1
AU	dialed	dialled	1
AU	dialer	dialler	1
AU	dialers	diallers	1
AU	dialing	dialling	1
AU	dialog	dialogue	1
AU	dialyzes	dialyses	1
AU	diarrhea	diarrhoea	1
AU	diehard	die-hard	1
AU	digitization	digitisation	1
AU	digitize	digitise	1
AU	digitized	digitised	1
AU	digitizes	digitises	1
AU	digitizing	digitising	1
AU	dike	dyke	1
AU	dike's	dyke's	1
AU	diked	dyked	1
AU	dikes	dykes	1
AU	diking	dyking	1
AU	discolor	discolour	1
AU	discolored	discoloured	1
AU	discoloring	discolouring	1
AU	discolors	discolours	1
AU	disemboweled	disembowelled	1
AU	disemboweling	disembowelling	1
AU	disfavor	disfavour	1
AU	disfavored	disfavoured	1
AU	disfavoring	disfavouring	1
AU	disfavors	disfavours	1
AU	dishabille	déshabillé	1
AU	disheveled	dishevelled	1
AU	disheveling	dishevelling	1
AU	dishonor	dishonour	1
AU	dishonorable	dishonourable	1
AU	dishonorably	dishonourably	1
AU	dishonored	dishonoured	1
AU	dishonoring	dishonouring	1
AU	dishonors	dishonours	1
AU	disorganization	disorganisation	1
AU	disorganize	disorganise	1
AU	disorganized	disorganised	1
AU	disorganizes	disorganises	1
AU	disorganizing	disorganising	1
AU	disproved	disproven	0
AU	disproven	disproved	0
AU	distill	distil	1
AU	distills	distils	1
AU	doe	does	0
AU	does	doe	0
AU	dogfish	dogfishes	0
AU	dogfishes	dogfish	0
AU	dolor	dolour	1
AU	dolors	dolours	1
AU	donut	doughnut	1
AU	donut's	doughnut's	1
AU	donuts	doughnuts	1
AU	dot-com	dotcom	0
AU	dot-coms	dotcoms	0
AU	dotcom	dot-com	0
AU	dotcoms	dot-coms	0
AU	doweled	dowelled	1
AU	doweling	dowelling	1
AU	downdraft	downdraught	1
AU	downward	downwards	0
AU	downwards	downward	0
AU	dox	doxx	0
AU	doxed	doxxed	0
AU	doxes	doxxes	0
AU	doxing	doxxing	0
AU	doxings	doxxings	0
AU	doxx	dox	0
AU	doxxed	doxed	0
AU	doxxes	doxes	0
AU	doxxing	doxing	0
AU	doxxings	doxings	0
AU	dozen	dozens	0
AU	dozens	dozen	0
AU	draft	draught	0
AU	draft's	draught's	0
AU	draftier	draughtier	1
AU	draftiest	draughtiest	1
AU	draftily	draughtily	1
AU	draftiness	draughtiness	1
AU	drafts	draughts	0
AU	draftsman	draughtsman	1
AU	draftsman's	draughtsman's	1
AU	draftsmanship	draughtsmanship	1
AU	draftsmen	draughtsmen	1
AU	draftsmen's	draughtsmen's	1
AU	draftswoman	draughtswoman	1
AU	draftswomen	draughtswomen	1
AU	drafty	draughty	1
AU	dramatization	dramatisation	1
AU	dramatizations	dramatisations	1
AU	dramatize	dramatise	1
AU	dramatized	dramatised	1
AU	dramatizes	dramatises	1
AU	dramatizing	dramatising	1
AU	drive-thru	drive-through	1
AU	drive-thrus	drive-throughs	1
AU	driveled	drivelled	1
AU	driveler	driveller	1
AU	driveler's	driveller's	1
AU	drivelers	drivellers	1
AU	driveling	drivelling	1
AU	dryly	drily	1
AU	duck	ducks	0
AU	ducks	duck	0
AU	dueled	duelled	1
AU	dueler	dueller	1
AU	dueler's	dueller's	1
AU	duelers	duellers	1
AU	dueling	duelling	1
AU	duelist	duellist	1
AU	duelist's	duellist's	1
AU	duelists	duellists	1
AU	dust-up	dustup	0
AU	dust-ups	dustups	0
AU	dustup	dust-up	0
AU	dustups	dust-ups	0
AU	economize	economise	1
AU	economized	economised	1
AU	economizer	economiser	1
AU	economizer's	economiser's	1
AU	economizers	economisers	1
AU	economizes	economises	1
AU	economizing	economising	1
AU	ecus	oecus	1
AU	edema	oedema	1
AU	editorialize	editorialise	1
AU	editorialized	editorialised	1
AU	editorializes	editorialises	1
AU	editorializing	editorialising	1
AU	eel	eels	0
AU	eels	eel	0
AU	eland	elands	0
AU	elands	eland	0
AU	elasticize	elasticise	1
AU	elasticized	elasticised	1
AU	elasticizes	elasticises	1
AU	elasticizing	elasticising	1
AU	elk	elks	0
AU	elks	elk	0
AU	embolization	embolisation	1
AU	emotionalize	emotionalise	1
AU	emotionalized	emotionalised	1
AU	emotionalizes	emotionalises	1
AU	emotionalizing	emotionalising	1
AU	empathize	empathise	1
AU	empathized	empathised	1
AU	empathizes	empathises	1
AU	empathizing	empathising	1
AU	emphasize	emphasise	1
AU	emphasized	emphasised	1
AU	emphasizes	emphasises	1
AU	emphasizing	emphasising	1
AU	enameled	enamelled	1
AU	enameler	enameller	1
AU	enamelers	enamellers	1
AU	enameling	enamelling	1
AU	enamor	enamour	1
AU	enamored	enamoured	1
AU	enamoring	enamouring	1
AU	enamors	enamours	1
AU	endeavor	endeavour	1
AU	endeavor's	endeavour's	1
AU	endeavored	endeavoured	1
AU	endeavoring	endeavouring	1
AU	endeavors	endeavours	1
AU	energize	energise	1
AU	energized	energised	1
AU	energizer	energiser	1
AU	energizer's	energiser's	1
AU	energizers	energisers	1
AU	energizes	energises	1
AU	energizing	energising	1
AU	enroll	enrol	1
AU	enrollment	enrolment	1
AU	enrollment's	enrolment's	1
AU	enrollments	enrolments	1
AU	enrolls	enrols	1
AU	enthrall	enthral	1
AU	enthrallment	enthralment	1
AU	enthralls	enthrals	1
AU	eon	aeon	1
AU	eon's	aeon's	1
AU	eons	aeons	1
AU	epaulet	epaulette	1
AU	epaulets	epaulettes	1
AU	epicenter	epicentre	1
AU	epicenters	epicentres	1
AU	epitomize	epitomise	1
AU	epitomized	epitomised	1
AU	epitomizes	epitomises	1
AU	epitomizing	epitomising	1
AU	equaled	equalled	1
AU	equaling	equalling	1
AU	equalization	equalisation	1
AU	equalize	equalise	1
AU	equalized	equalised	1
AU	equalizer	equaliser	1
AU	equalizer's	equaliser's	1
AU	equalizers	equalisers	1
AU	equalizes	equalises	1
AU	equalizing	equalising	1
AU	ermine	ermines	0
AU	ermines	ermine	0
AU	esophagi	oesophagi	1
AU	esophagus	oesophagus	1
AU	esthetician	aesthetician	1
AU	esthetician's	aesthetician's	1
AU	estheticians	aestheticians	1
AU	estradiol	oestradiol	1
AU	estrogen	oestrogen	1
AU	estrogen's	oestrogen's	1
AU	estrogens	oestrogens	1
AU	estrous	oestrous	1
AU	estrus	oestrus	1
AU	estruses	oestruses	1
AU	etiologies	aetiologies	1
AU	etiology	aetiology	1
AU	eulogize	eulogise	1
AU	eulogized	eulogised	1
AU	eulogizer	eulogiser	1
AU	eulogizers	eulogisers	1
AU	eulogizes	eulogises	1
AU	eulogizing	eulogising	1
AU	euthanize	euthanase	1
AU	euthanized	euthanased	1
AU	euthanizes	euthanases	1
AU	euthanizing	euthanasing	1
AU	evangelization	evangelisation	1
AU	evangelize	evangelise	1
AU	evangelized	evangelised	1
AU	evangelizes	evangelises	1
AU	evangelizing	evangelising	1
AU	eviler	eviller	1
AU	evilest	evillest	1
AU	extemporization	extemporisation	1
AU	extemporize	extemporise	1
AU	extemporized	extemporised	1
AU	extemporizes	extemporises	1
AU	extemporizing	extemporising	1
AU	externalization	externalisation	1
AU	externalizations	externalisations	1
AU	externalize	externalise	1
AU	externalized	externalised	1
AU	externalizes	externalises	1
AU	externalizing	externalising	1
AU	factorization	factorisation	1
AU	factorize	factorise	1
AU	factorized	factorised	1
AU	factorizes	factorises	1
AU	factorizing	factorising	1
AU	fade-out	fadeout	0
AU	fadeout	fade-out	0
AU	fagot	faggot	1
AU	fagot's	faggot's	1
AU	fagots	faggots	1
AU	familiarization	familiarisation	1
AU	familiarize	familiarise	1
AU	familiarized	familiarised	1
AU	familiarizes	familiarises	1
AU	familiarizing	familiarising	1
AU	fantasize	fantasise	1
AU	fantasized	fantasised	1
AU	fantasizes	fantasises	1
AU	fantasizing	fantasising	1
AU	faradize	faradise	1
AU	faradized	faradised	1
AU	faradizing	faradising	1
AU	favor	favour	1
AU	favorable	favourable	1
AU	favorably	favourably	1
AU	favored	favoured	1
AU	favoring	favouring	1
AU	favorite	favourite	1
AU	favorite's	favourite's	1
AU	favorites	favourites	1
AU	favoritism	favouritism	1
AU	favors	favours	1
AU	fecal	faecal	1
AU	feces	faeces	1
AU	federalization	federalisation	1
AU	federalize	federalise	1
AU	federalized	federalised	1
AU	federalizes	federalises	1
AU	federalizing	federalising	1
AU	feeble-mindedness	feeblemindedness	0
AU	feeblemindedness	feeble-mindedness	0
AU	feminization	feminisation	1
AU	feminize	feminise	1
AU	feminized	feminised	1
AU	feminizes	feminises	1
AU	feminizing	feminising	1
AU	fertilization	fertilisation	1
AU	fertilize	fertilise	1
AU	fertilized	fertilised	1
AU	fertilizer	fertiliser	1
AU	fertilizers	fertilisers	1
AU	fertilizes	fertilises	1
AU	fertilizing	fertilising	1
AU	fervor	fervour	1
AU	fete	fête	1
AU	feted	fêted	1
AU	fetes	fêtes	1
AU	feting	fêting	1
AU	fetishize	fetishise	1
AU	fetishized	fetishised	1
AU	fetishizes	fetishises	1
AU	fetishizing	fetishising	1
AU	fiber	fibre	1
AU	fiber's	fibre's	1
AU	fiberboard	fibreboard	1
AU	fiberfill	fibrefill	1
AU	fiberglass	fibreglass	1
AU	fibers	fibres	1
AU	fictionalization	fictionalisation	1
AU	fictionalizations	fictionalisations	1
AU	fictionalize	fictionalise	1
AU	fictionalized	fictionalised	1
AU	fictionalizes	fictionalises	1
AU	fictionalizing	fictionalising	1
AU	finalization	finalisation	1
AU	finalize	finalise	1
AU	finalized	finalised	1
AU	finalizes	finalises	1
AU	finalizing	finalising	1
AU	fish	fishes	0
AU	fishes	fish	0
AU	flanneled	flannelled	1
AU	flanneling	flannelling	1
AU	flatfish	flatfishes	0
AU	flatfishes	flatfish	0
AU	flavor	flavour	1
AU	flavored	flavoured	1
AU	flavorful	flavourful	1
AU	flavoring	flavouring	1
AU	flavorings	flavourings	1
AU	flavorless	flavourless	1
AU	flavors	flavours	1
AU	flavorsome	flavoursome	1
AU	flier	flyer	0
AU	flier's	flyer's	1
AU	fliers	flyers	1
AU	floodlighted	floodlit	0
AU	floodlit	floodlighted	0
AU	flounder	flounders	0
AU	flounders	flounder	0
AU	flutist	flautist	1
AU	flutist's	flautist's	1
AU	flutists	flautists	1
AU	fogies	fogeys	1
AU	fogy	fogey	1
AU	fogy's	fogey's	1
AU	fontanel	fontanelle	1
AU	fontanels	fontanelles	1
AU	forgather	foregather	1
AU	forgathered	foregathered	1
AU	forgathering	foregathering	1
AU	forgathers	foregathers	1
AU	formalization	formalisation	1
AU	formalize	formalise	1
AU	formalized	formalised	1
AU	formalizes	formalises	1
AU	formalizing	formalising	1
AU	formulas	formulae	0
AU	formulas'	formulae's	0
AU	fossilization	fossilisation	1
AU	fossilize	fossilise	1
AU	fossilized	fossilised	1
AU	fossilizes	fossilises	1
AU	fossilizing	fossilising	1
AU	fowl	fowls	0
AU	fowls	fowl	0
AU	fraternization	fraternisation	1
AU	fraternize	fraternise	1
AU	fraternized	fraternised	1
AU	fraternizer	fraterniser	1
AU	fraternizers	fraternisers	1
AU	fraternizes	fraternises	1
AU	fraternizing	fraternising	1
AU	fruit	fruits	0
AU	fruits	fruit	0
AU	fueled	fuelled	1
AU	fueling	fuelling	1
AU	fulfill	fulfil	1
AU	fulfillment	fulfilment	1
AU	fulfillment's	fulfilment's	1
AU	fulfills	fulfils	1
AU	fund-raiser	fundraiser	0
AU	fund-raisers	fundraisers	0
AU	fundraiser	fund-raiser	0
AU	fundraisers	fund-raisers	0
AU	funneled	funnelled	1
AU	funneling	funnelling	1
AU	furor	furore	1
AU	furors	furores	1
AU	galvanization	galvanisation	1
AU	galvanize	galvanise	1
AU	galvanized	galvanised	1
AU	galvanizes	galvanises	1
AU	galvanizing	galvanising	1
AU	gamboled	gambolled	1
AU	gamboling	gambolling	1
AU	gar	gars	0
AU	garfish	garfishes	0
AU	garfishes	garfish	0
AU	gars	gar	0
AU	gaslighted	gaslit	0
AU	gaslit	gaslighted	0
AU	gazelle	gazelles	0
AU	gazelles	gazelle	0
AU	geisha	geishas	0
AU	geishas	geisha	0
AU	gemological	gemmological	1
AU	gemologist	gemmologist	1
AU	gemologists	gemmologists	1
AU	gemology	gemmology	1
AU	generalizability	generalisability	1
AU	generalizable	generalisable	1
AU	generalization	generalisation	1
AU	generalizations	generalisations	1
AU	generalize	generalise	1
AU	generalized	generalised	1
AU	generalizes	generalises	1
AU	generalizing	generalising	1
AU	ghettoize	ghettoise	1
AU	ghettoized	ghettoised	1
AU	ghettoizes	ghettoises	1
AU	ghettoizing	ghettoising	1
AU	gibe	jibe	1
AU	gibed	jibed	1
AU	gibes	jibes	1
AU	gibing	jibing	1
AU	gigameter	gigametre	1
AU	gigameters	gigametres	1
AU	glamorization	glamorisation	1
AU	glamorize	glamorise	1
AU	glamorized	glamorised	1
AU	glamorizes	glamorises	1
AU	glamorizing	glamorising	1
AU	globalization	globalisation	1
AU	globalization's	globalisation's	1
AU	globalize	globalise	1
AU	globalized	globalised	1
AU	globalizes	globalises	1
AU	globalizing	globalising	1
AU	glycerin	glycerine	1
AU	gnu	gnus	0
AU	gnus	gnu	0
AU	gobbledygook	gobbledegook	1
AU	goiter	goitre	1
AU	goiters	goitres	1
AU	goldfish	goldfishes	0
AU	goldfishes	goldfish	0
AU	gonorrhea	gonorrhoea	1
AU	gonorrheal	gonorrhoeal	1
AU	gormandize	gormandise	1
AU	gormandized	gormandised	1
AU	gormandizer	gormandiser	1
AU	gormandizers	gormandisers	1
AU	gormandizes	gormandises	1
AU	gormandizing	gormandising	1
AU	gotten	got	1
AU	grass-roots	grassroots	0
AU	grassroots	grass-roots	0
AU	graveled	gravelled	1
AU	graveling	gravelling	1
AU	gray	grey	0
AU	gray's	grey's	0
AU	grayed	greyed	1
AU	grayer	greyer	1
AU	grayest	greyest	1
AU	graying	greying	1
AU	grayish	greyish	1
AU	grayness	greyness	1
AU	grays	greys	1
AU	grayscale	greyscale	1
AU	grayscales	greyscales	1
AU	groin	groyne	0
AU	groins	groynes	0
AU	grouper	groupers	0
AU	groupers	grouper	0
AU	groveled	grovelled	1
AU	groveler	groveller	1
AU	groveler's	groveller's	1
AU	grovelers	grovellers	1
AU	groveling	grovelling	1
AU	grueling	gruelling	1
AU	gruelingly	gruellingly	1
AU	guerrilla	guerilla	1
AU	guerrilla's	guerilla's	1
AU	guerrillas	guerillas	1
AU	gynecologic	gynaecologic	1
AU	gynecological	gynaecological	1
AU	gynecologist	gynaecologist	1
AU	gynecologist's	gynaecologist's	1
AU	gynecologists	gynaecologists	1
AU	gynecology	gynaecology	1
AU	haddock	haddocks	0
AU	haddocks	haddock	0
AU	hake	hakes	0
AU	hakes	hake	0
AU	half-pipe	halfpipe	0
AU	half-pipes	halfpipes	0
AU	halfpipe	half-pipe	0
AU	halfpipes	half-pipes	0
AU	halibut	halibuts	0
AU	halibuts	halibut	0
AU	hankie	hanky	1
AU	harbor	harbour	1
AU	harbor's	harbour's	1
AU	harbored	harboured	1
AU	harboring	harbouring	1
AU	harbors	harbours	1
AU	hard-line	hardline	0
AU	hard-liner	hardliner	0
AU	hard-liners	hardliners	0
AU	hardline	hard-line	0
AU	hardliner	hard-liner	0
AU	hardliners	hard-liners	0
AU	hare	hares	0
AU	hares	hare	0
AU	harmonization	harmonisation	1
AU	harmonize	harmonise	1
AU	harmonized	harmonised	1
AU	harmonizer	harmoniser	1
AU	harmonizer's	harmoniser's	1
AU	harmonizers	harmonisers	1
AU	harmonizes	harmonises	1
AU	harmonizing	harmonising	1
AU	hart	harts	0
AU	harts	hart	0
AU	heart-rending	heartrending	0
AU	heartbroke	heartbroken	1
AU	heartrending	heart-rending	0
AU	hectometer	hectometre	1
AU	hectometers	hectometres	1
AU	hellenization	hellenisation	1
AU	hellenize	hellenise	1
AU	helloes	hellos	1
AU	hematite	haematite	1
AU	hematologic	haematologic	1
AU	hematological	haematological	1
AU	hematologist	haematologist	1
AU	hematologist's	haematologist's	1
AU	hematologists	haematologists	1
AU	hematology	haematology	1
AU	heme	haem	1
AU	hemoglobin	haemoglobin	1
AU	hemophilia	haemophilia	1
AU	hemophiliac	haemophiliac	1
AU	hemophiliac's	haemophiliac's	1
AU	hemophiliacs	haemophiliacs	1
AU	hemorrhage	haemorrhage	1
AU	hemorrhaged	haemorrhaged	1
AU	hemorrhages	haemorrhages	1
AU	hemorrhagic	haemorrhagic	1
AU	hemorrhaging	haemorrhaging	1
AU	hemorrhoid	haemorrhoid	1
AU	hemorrhoids	haemorrhoids	1
AU	herring	herrings	0
AU	herrings	herring	0
AU	highflier	high-flyer	1
AU	highfliers	high-flyers	1
AU	hind	hinds	0
AU	hinds	hind	0
AU	hippie	hippy	1
AU	hippie's	hippy's	1
AU	hoboes	hobos	1
AU	hog-tie	hogtie	0
AU	hogtie	hog-tie	0
AU	homeward	homewards	0
AU	homewards	homeward	0
AU	homogenization	homogenisation	1
AU	homogenize	homogenise	1
AU	homogenized	homogenised	1
AU	homogenizes	homogenises	1
AU	homogenizing	homogenising	1
AU	honor	honour	1
AU	honor's	honour's	1
AU	honorable	honourable	1
AU	honorableness	honourableness	1
AU	honorably	honourably	1
AU	honored	honoured	1
AU	honoree	honouree	1
AU	honoree's	honouree's	1
AU	honorees	honourees	1
AU	honorer	honourer	1
AU	honorers	honourers	1
AU	honoring	honouring	1
AU	honors	honours	1
AU	hoofs	hooves	0
AU	hooves	hoofs	0
AU	horse	horses	0
AU	horses	horse	0
AU	hospitalization	hospitalisation	1
AU	hospitalizations	hospitalisations	1
AU	hospitalize	hospitalise	1
AU	hospitalized	hospitalised	1
AU	hospitalizes	hospitalises	1
AU	hospitalizing	hospitalising	1
AU	humanization	humanisation	1
AU	humanize	humanise	1
AU	humanized	humanised	1
AU	humanizer	humaniser	1
AU	humanizers	humanisers	1
AU	humanizes	humanises	1
AU	humanizing	humanising	1
AU	humor	humour	1
AU	humored	humoured	1
AU	humoring	humouring	1
AU	humorless	humourless	1
AU	humorlessly	humourlessly	1
AU	humorlessness	humourlessness	1
AU	humors	humours	1
AU	hundredweight	hundredweights	0
AU	hundredweights	hundredweight	0
AU	hybridization	hybridisation	1
AU	hybridize	hybridise	1
AU	hybridized	hybridised	1
AU	hybridizes	hybridises	1
AU	hybridizing	hybridising	1
AU	hydrolyze	hydrolyse	1
AU	hydrolyzed	hydrolysed	1
AU	hydrolyzes	hydrolyses	1
AU	hydrolyzing	hydrolysing	1
AU	hyperglycemia	hyperglycaemia	1
AU	hypnotize	hypnotise	1
AU	hypnotized	hypnotised	1
AU	hypnotizes	hypnotises	1
AU	hypnotizing	hypnotising	1
AU	hypothesize	hypothesise	1
AU	hypothesized	hypothesised	1
AU	hypothesizes	hypothesises	1
AU	hypothesizing	hypothesising	1
AU	ibex	ibexes	0
AU	ibexes	ibex	0
AU	ibis	ibises	0
AU	ibises	ibis	0
AU	idealization	idealisation	1
AU	idealizations	idealisations	1
AU	idealize	idealise	1
AU	idealized	idealised	1
AU	idealizes	idealises	1
AU	idealizing	idealising	1
AU	idolization	idolisation	1
AU	idolize	idolise	1
AU	idolized	idolised	1
AU	idolizes	idolises	1
AU	idolizing	idolising	1
AU	imagoes	imagos	1
AU	immobilization	immobilisation	1
AU	immobilize	immobilise	1
AU	immobilized	immobilised	1
AU	immobilizer	immobiliser	1
AU	immobilizers	immobilisers	1
AU	immobilizes	immobilises	1
AU	immobilizing	immobilising	1
AU	immortalize	immortalise	1
AU	immortalized	immortalised	1
AU	immortalizes	immortalises	1
AU	immortalizing	immortalising	1
AU	immunization	immunisation	1
AU	immunizations	immunisations	1
AU	immunize	immunise	1
AU	immunized	immunised	1
AU	immunizes	immunises	1
AU	immunizing	immunising	1
AU	impala	impalas	0
AU	impalas	impala	0
AU	impaneled	impanelled	1
AU	impaneling	impanelling	1
AU	imperiled	imperilled	1
AU	imperiling	imperilling	1
AU	incentivize	incentivise	1
AU	incentivized	incentivised	1
AU	incentivizes	incentivises	1
AU	incentivizing	incentivising	1
AU	indexes	indices	0
AU	indices	indexes	0
AU	individualization	individualisation	1
AU	individualize	individualise	1
AU	individualized	individualised	1
AU	individualizes	individualises	1
AU	individualizing	individualising	1
AU	industrialization	industrialisation	1
AU	industrialize	industrialise	1
AU	industrialized	industrialised	1
AU	industrializes	industrialises	1
AU	industrializing	industrialising	1
AU	infantilize	infantilise	1
AU	infantilized	infantilised	1
AU	infantilizes	infantilises	1
AU	infantilizing	infantilising	1
AU	inflection	inflexion	1
AU	inflections	inflexions	1
AU	initialed	initialled	1
AU	initialing	initialling	1
AU	initialization	initialisation	1
AU	initialize	initialise	1
AU	initialized	initialised	1
AU	initializes	initialises	1
AU	initializing	initialising	1
AU	innuendoes	innuendos	1
AU	installment	instalment	1
AU	installments	instalments	1
AU	instill	instil	1
AU	instills	instils	1
AU	institutionalization	institutionalisation	1
AU	institutionalize	institutionalise	1
AU	institutionalized	institutionalised	1
AU	institutionalizes	institutionalises	1
AU	institutionalizing	institutionalising	1
AU	intellectualize	intellectualise	1
AU	intellectualized	intellectualised	1
AU	intellectualizes	intellectualises	1
AU	intellectualizing	intellectualising	1
AU	internalization	internalisation	1
AU	internalize	internalise	1
AU	internalized	internalised	1
AU	internalizes	internalises	1
AU	internalizing	internalising	1
AU	internationalization	internationalisation	1
AU	internationalize	internationalise	1
AU	internationalized	internationalised	1
AU	internationalizes	internationalises	1
AU	internationalizing	internationalising	1
AU	inward	inwards	0
AU	inwards	inward	0
AU	iodize	iodise	1
AU	iodized	iodised	1
AU	iodizes	iodises	1
AU	iodizing	iodising	1
AU	ionization	ionisation	1
AU	ionize	ionise	1
AU	ionized	ionised	1
AU	ionizes	ionises	1
AU	ionizing	ionising	1
AU	ischemia	ischaemia	1
AU	ischemic	ischaemic	1
AU	italicization	italicisation	1
AU	italicize	italicise	1
AU	italicized	italicised	1
AU	italicizes	italicises	1
AU	italicizing	italicising	1
AU	itemization	itemisation	1
AU	itemize	itemise	1
AU	itemized	itemised	1
AU	itemizes	itemises	1
AU	itemizing	itemising	1
AU	jellyfish	jellyfishes	0
AU	jellyfishes	jellyfish	0
AU	jeopardize	jeopardise	1
AU	jeopardized	jeopardised	1
AU	jeopardizes	jeopardises	1
AU	jeopardizing	jeopardising	1
AU	jeweled	jewelled	1
AU	jeweler	jeweller	1
AU	jeweler's	jeweller's	1
AU	jewelers	jewellers	1
AU	jeweling	jewelling	1
AU	jewelries	jewelleries	1
AU	jewelry	jewellery	1
AU	jewelry's	jewellery's	1
AU	jibe	gybe	0
AU	jibed	gybed	0
AU	jibes	gybes	0
AU	jibing	gybing	0
AU	judgment	judgement	1
AU	judgmental	judgemental	1
AU	judgments	judgements	1
AU	kangaroo	kangaroos	0
AU	kangaroos	kangaroo	0
AU	kenneled	kennelled	1
AU	kenneling	kennelling	1
AU	ketchup	catch-up	0
AU	kiloliter	kilolitre	1
AU	kiloliters	kilolitres	1
AU	kilometer	kilometre	1
AU	kilometers	kilometres	1
AU	kindergartner	kindergartener	1
AU	kindergartner's	kindergartener's	1
AU	kindergartners	kindergarteners	1
AU	kinesthetic	kinaesthetic	1
AU	kins	kin	1
AU	labeled	labelled	1
AU	labeling	labelling	1
AU	labor	labour	1
AU	labor's	labour's	1
AU	labored	laboured	1
AU	laborer	labourer	1
AU	laborer's	labourer's	1
AU	laborers	labourers	1
AU	laboring	labouring	1
AU	labors	labours	1
AU	laborsaving	laboursaving	1
AU	laced	lacked	0
AU	lacing	lacking	0
AU	lacked	laced	0
AU	lacking	lacing	0
AU	lackluster	lacklustre	1
AU	lambaste	lambast	1
AU	lambastes	lambasts	1
AU	lasagna	lasagne	1
AU	lasagnas	lasagnes	1
AU	lead-off	leadoff	0
AU	leadoff	lead-off	0
AU	leaped	leapt	0
AU	leapt	leaped	0
AU	learned	learnt	1
AU	legalization	legalisation	1
AU	legalize	legalise	1
AU	legalized	legalised	1
AU	legalizes	legalises	1
AU	legalizing	legalising	1
AU	legitimatize	legitimatise	1
AU	legitimatized	legitimatised	1
AU	legitimatizes	legitimatises	1
AU	legitimatizing	legitimatising	1
AU	legitimization	legitimisation	1
AU	legitimize	legitimise	1
AU	legitimized	legitimised	1
AU	legitimizes	legitimises	1
AU	legitimizing	legitimising	1
AU	leukemia	leukaemia	1
AU	leukemic	leukaemic	0
AU	leukocyte	leucocyte	1
AU	leukocytes	leucocytes	1
AU	leveled	levelled	1
AU	leveler	leveller	1
AU	leveler's	leveller's	1
AU	levelers	levellers	1
AU	leveling	levelling	1
AU	libeled	libelled	1
AU	libeler	libeller	1
AU	libeler's	libeller's	1
AU	libelers	libellers	1
AU	libeling	libelling	1
AU	libelous	libellous	1
AU	liberalization	liberalisation	1
AU	liberalization's	liberalisation's	1
AU	liberalizations	liberalisations	1
AU	liberalize	liberalise	1
AU	liberalized	liberalised	1
AU	liberalizes	liberalises	1
AU	liberalizing	liberalising	1
AU	librae	libras	1
AU	license	licence	0
AU	licenses	licences	0
AU	light-headedness	lightheadedness	0
AU	lighted	lit	0
AU	lightheadedness	light-headedness	0
AU	likability	likeability	1
AU	likable	likeable	1
AU	likableness	likeableness	1
AU	ling	lings	0
AU	lings	ling	0
AU	lionization	lionisation	1
AU	lionize	lionise	1
AU	lionized	lionised	1
AU	lionizes	lionises	1
AU	lionizing	lionising	1
AU	lip-read	lipread	0
AU	lip-reader	lipreader	0
AU	lip-readers	lipreaders	0
AU	lip-reading	lipreading	0
AU	lipread	lip-read	0
AU	lipreader	lip-reader	0
AU	lipreaders	lip-readers	0
AU	lipreading	lip-reading	0
AU	liquidize	liquidise	1
AU	liquidized	liquidised	1
AU	liquidizer	liquidiser	1
AU	liquidizers	liquidisers	1
AU	liquidizes	liquidises	1
AU	liquidizing	liquidising	1
AU	lissome	lissom	1
AU	lit	lighted	0
AU	liter	litre	1
AU	liters	litres	1
AU	lobotomize	lobotomise	1
AU	lobotomized	lobotomised	1
AU	lobotomizes	lobotomises	1
AU	lobotomizing	lobotomising	1
AU	lobster	lobsters	0
AU	lobsters	lobster	0
AU	localization	localisation	1
AU	localize	localise	1
AU	localized	localised	1
AU	localizes	localises	1
AU	localizing	localising	1
AU	long-standing	longstanding	0
AU	longeing	longing	1
AU	longstanding	long-standing	0
AU	louver	louvre	1
AU	louvered	louvred	1
AU	louvers	louvres	1
AU	lungfish	lungfishes	0
AU	lungfishes	lungfish	0
AU	lupine	lupin	0
AU	lupines	lupins	1
AU	luster	lustre	1
AU	lusterless	lustreless	1
AU	lynx	lynxes	0
AU	lynxes	lynx	0
AU	macadamize	macadamise	1
AU	macadamized	macadamised	1
AU	macadamizes	macadamises	1
AU	macadamizing	macadamising	1
AU	mackerel	mackerels	0
AU	mackerels	mackerel	0
AU	magnetizable	magnetisable	1
AU	magnetization	magnetisation	1
AU	magnetize	magnetise	1
AU	magnetized	magnetised	1
AU	magnetizes	magnetises	1
AU	magnetizing	magnetising	1
AU	major-domo	majordomo	0
AU	major-domos	majordomos	0
AU	majordomo	major-domo	0
AU	majordomos	major-domos	0
AU	mallard	mallards	0
AU	mallards	mallard	0
AU	maneuver	manoeuvre	1
AU	maneuverability	manoeuvrability	1
AU	maneuverable	manoeuvrable	1
AU	maneuvered	manoeuvred	1
AU	maneuvering	manoeuvring	1
AU	maneuverings	manoeuvrings	1
AU	maneuvers	manoeuvres	1
AU	manifestoes	manifestos	1
AU	manila	manilla	1
AU	manila's	manilla's	1
AU	marbleize	marbleise	1
AU	marbleized	marbleised	1
AU	marbleizes	marbleises	1
AU	marbleizing	marbleising	1
AU	marginalization	marginalisation	1
AU	marginalize	marginalise	1
AU	marginalized	marginalised	1
AU	marginalizes	marginalises	1
AU	marginalizing	marginalising	1
AU	marlin	marlins	0
AU	marlins	marlin	0
AU	marshaled	marshalled	1
AU	marshaling	marshalling	1
AU	marten	martens	0
AU	martens	marten	0
AU	marveled	marvelled	1
AU	marveling	marvelling	1
AU	marvelous	marvellous	1
AU	marvelously	marvellously	1
AU	mat	matt	0
AU	materialization	materialisation	1
AU	materialize	materialise	1
AU	materialized	materialised	1
AU	materializes	materialises	1
AU	materializing	materialising	1
AU	maters	matres	1
AU	math	maths	1
AU	mats	matts	0
AU	matte	matt	0
AU	maxima	maximums	0
AU	maximization	maximisation	1
AU	maximize	maximise	1
AU	maximized	maximised	1
AU	maximizes	maximises	1
AU	maximizing	maximising	1
AU	maximums	maxima	0
AU	meager	meagre	1
AU	meagerly	meagrely	1
AU	meagerness	meagreness	1
AU	meaneing	meaning	1
AU	mechanization	mechanisation	1
AU	mechanize	mechanise	1
AU	mechanized	mechanised	1
AU	mechanizes	mechanises	1
AU	mechanizing	mechanising	1
AU	medalist	medallist	1
AU	medalist's	medallist's	1
AU	medalists	medallists	1
AU	megabuck	megabucks	1
AU	megameter	megametre	1
AU	megameters	megametres	1
AU	memorialize	memorialise	1
AU	memorialized	memorialised	1
AU	memorializes	memorialises	1
AU	memorializing	memorialising	1
AU	memorization	memorisation	1
AU	memorize	memorise	1
AU	memorized	memorised	1
AU	memorizes	memorises	1
AU	memorizing	memorising	1
AU	meow	miaow	1
AU	meowed	miaowed	1
AU	meowing	miaowing	1
AU	meows	miaows	1
AU	mercerize	mercerise	1
AU	mercerized	mercerised	1
AU	mercerizes	mercerises	1
AU	mercerizing	mercerising	1
AU	mesmerize	mesmerise	1
AU	mesmerized	mesmerised	1
AU	mesmerizer	mesmeriser	1
AU	mesmerizer's	mesmeriser's	1
AU	mesmerizers	mesmerisers	1
AU	mesmerizes	mesmerises	1
AU	mesmerizing	mesmerising	1
AU	metabolize	metabolise	1
AU	metabolized	metabolised	1
AU	metabolizes	metabolises	1
AU	metabolizing	metabolising	1
AU	metaled	metalled	1
AU	metastasize	metastasise	1
AU	metastasized	metastasised	1
AU	metastasizes	metastasises	1
AU	metastasizing	metastasising	1
AU	meter	metre	0
AU	meter's	metre's	1
AU	meters	metres	0
AU	metricize	metricise	1
AU	metricized	metricised	1
AU	metricizes	metricises	1
AU	metricizing	metricising	1
AU	microfiber	microfibre	1
AU	microfibers	microfibres	1
AU	micrometer	micrometre	0
AU	micrometers	micrometres	0
AU	mid-range	midrange	0
AU	midrange	mid-range	0
AU	militaries	military	0
AU	militarization	militarisation	1
AU	militarize	militarise	1
AU	militarized	militarised	1
AU	militarizes	militarises	1
AU	militarizing	militarising	1
AU	military	militaries	0
AU	millennia	millenniums	0
AU	millenniums	millennia	0
AU	milliliter	millilitre	1
AU	milliliters	millilitres	1
AU	millimeter	millimetre	1
AU	millimeters	millimetres	1
AU	miniaturization	miniaturisation	1
AU	miniaturize	miniaturise	1
AU	miniaturized	miniaturised	1
AU	miniaturizes	miniaturises	1
AU	miniaturizing	miniaturising	1
AU	minima	minimums	0
AU	minimization	minimisation	1
AU	minimize	minimise	1
AU	minimized	minimised	1
AU	minimizes	minimises	1
AU	minimizing	minimising	1
AU	minimums	minima	0
AU	mink	minks	0
AU	minks	mink	0
AU	minnow	minnows	0
AU	minnows	minnow	0
AU	misbehavior	misbehaviour	1
AU	mischaracterization	mischaracterisation	1
AU	mischaracterizations	mischaracterisations	1
AU	mischaracterize	mischaracterise	1
AU	mischaracterized	mischaracterised	1
AU	mischaracterizes	mischaracterises	1
AU	mischaracterizing	mischaracterising	1
AU	misdemeanor	misdemeanour	1
AU	misdemeanors	misdemeanours	1
AU	mises	misses	1
AU	misjudgment	misjudgement	1
AU	misjudgments	misjudgements	1
AU	mislabeled	mislabelled	1
AU	mislabeling	mislabelling	1
AU	misspelled	misspelt	0
AU	miter	mitre	1
AU	miter's	mitre's	1
AU	mitered	mitred	1
AU	mitering	mitring	1
AU	miters	mitres	1
AU	mitzvahs	mitzvot	0
AU	mitzvot	mitzvahs	0
AU	mobilization	mobilisation	1
AU	mobilizations	mobilisations	1
AU	mobilize	mobilise	1
AU	mobilized	mobilised	1
AU	mobilizer	mobiliser	1
AU	mobilizers	mobilisers	1
AU	mobilizes	mobilises	1
AU	mobilizing	mobilising	1
AU	modeled	modelled	1
AU	modeler	modeller	1
AU	modeler's	modeller's	1
AU	modelers	modellers	1
AU	modeling	modelling	1
AU	modelings	modellings	1
AU	modernization	modernisation	1
AU	modernization's	modernisation's	1
AU	modernize	modernise	1
AU	modernized	modernised	1
AU	modernizer	moderniser	1
AU	modernizers	modernisers	1
AU	modernizes	modernises	1
AU	modernizing	modernising	1
AU	modularization	modularisation	1
AU	moggy	moggie	1
AU	moisturize	moisturise	1
AU	moisturized	moisturised	1
AU	moisturizer	moisturiser	1
AU	moisturizers	moisturisers	1
AU	moisturizes	moisturises	1
AU	moisturizing	moisturising	1
AU	mold	mould	1
AU	mold's	mould's	1
AU	moldable	mouldable	1
AU	molded	moulded	1
AU	molder	moulder	1
AU	moldered	mouldered	1
AU	moldering	mouldering	1
AU	molders	moulders	1
AU	moldier	mouldier	1
AU	moldiest	mouldiest	1
AU	moldiness	mouldiness	1
AU	molding	moulding	1
AU	molding's	moulding's	1
AU	moldings	mouldings	1
AU	molds	moulds	1
AU	moldy	mouldy	1
AU	mollusk	mollusc	1
AU	mollusk's	mollusc's	1
AU	mollusks	molluscs	1
AU	molt	moult	1
AU	molted	moulted	1
AU	molting	moulting	1
AU	molts	moults	1
AU	mom	mum	1
AU	mom's	mum's	1
AU	moms	mums	1
AU	monetization	monetisation	1
AU	monetize	monetise	1
AU	monetized	monetised	1
AU	monetizes	monetises	1
AU	monetizing	monetising	1
AU	monopolization	monopolisation	1
AU	monopolize	monopolise	1
AU	monopolized	monopolised	1
AU	monopolizer	monopoliser	1
AU	monopolizer's	monopoliser's	1
AU	monopolizers	monopolisers	1
AU	monopolizes	monopolises	1
AU	monopolizing	monopolising	1
AU	moonlighted	moonlit	0
AU	moonlit	moonlighted	0
AU	moralization	moralisation	1
AU	moralize	moralise	1
AU	moralized	moralised	1
AU	moralizer	moraliser	1
AU	moralizers	moralisers	1
AU	moralizes	moralises	1
AU	moralizing	moralising	1
AU	motorization	motorisation	1
AU	motorize	motorise	1
AU	motorized	motorised	1
AU	motorizes	motorises	1
AU	motorizing	motorising	1
AU	mullet	mullets	0
AU	mullets	mullet	0
AU	multicolored	multicoloured	1
AU	multistory	multistorey	1
AU	muskellunge	muskellunges	0
AU	muskellunges	muskellunge	0
AU	muskrat	muskrats	0
AU	muskrats	muskrat	0
AU	mustache	moustache	1
AU	mustached	moustached	1
AU	mustaches	moustaches	1
AU	myna	mynah	1
AU	myna's	mynah's	1
AU	mynas	mynahs	1
AU	mythologize	mythologise	1
AU	mythologized	mythologised	1
AU	mythologizes	mythologises	1
AU	mythologizing	mythologising	1
AU	nanometer	nanometre	1
AU	nanometers	nanometres	1
AU	narcotization	narcotisation	1
AU	narcotize	narcotise	1
AU	narcotized	narcotised	1
AU	narcotizes	narcotises	1
AU	narcotizing	narcotising	1
AU	nasalization	nasalisation	1
AU	nasalize	nasalise	1
AU	nasalized	nasalised	1
AU	nasalizes	nasalises	1
AU	nasalizing	nasalising	1
AU	nationalization	nationalisation	1
AU	nationalizations	nationalisations	1
AU	nationalize	nationalise	1
AU	nationalized	nationalised	1
AU	nationalizes	nationalises	1
AU	nationalizing	nationalising	1
AU	naturalization	naturalisation	1
AU	naturalize	naturalise	1
AU	naturalized	naturalised	1
AU	naturalizes	naturalises	1
AU	naturalizing	naturalising	1
AU	naught	nought	1
AU	naughts	noughts	1
AU	neighbor	neighbour	1
AU	neighbor's	neighbour's	1
AU	neighbored	neighboured	1
AU	neighborhood	neighbourhood	1
AU	neighborhood's	neighbourhood's	1
AU	neighborhoods	neighbourhoods	1
AU	neighboring	neighbouring	1
AU	neighborliness	neighbourliness	1
AU	neighborly	neighbourly	1
AU	neighbors	neighbours	1
AU	neutralization	neutralisation	1
AU	neutralize	neutralise	1
AU	neutralized	neutralised	1
AU	neutralizer	neutraliser	1
AU	neutralizers	neutralisers	1
AU	neutralizes	neutralises	1
AU	neutralizing	neutralising	1
AU	newspeople	newspersons	0
AU	newspersons	newspeople	0
AU	niggas	niggaz	0
AU	niggaz	niggas	0
AU	niter	nitre	1
AU	nitroglycerin	nitroglycerine	1
AU	nonbinary	non-binary	1
AU	nonissue	non-issue	1
AU	nonissues	non-issues	1
AU	nonjudgmental	nonjudgemental	1
AU	nonsympathizer	nonsympathiser	1
AU	nonsympathizers	nonsympathisers	1
AU	normalization	normalisation	1
AU	normalize	normalise	1
AU	normalized	normalised	1
AU	normalizes	normalises	1
AU	normalizing	normalising	1
AU	notarization	notarisation	1
AU	notarize	notarise	1
AU	notarized	notarised	1
AU	notarizes	notarises	1
AU	notarizing	notarising	1
AU	novelization	novelisation	1
AU	novelizations	novelisations	1
AU	novelize	novelise	1
AU	novelized	novelised	1
AU	novelizes	novelises	1
AU	novelizing	novelising	1
AU	novenas	novenae	0
AU	novene	novenae	1
AU	novene	novenas	1
AU	numskull	numbskull	1
AU	numskull's	numbskull's	1
AU	numskulls	numbskulls	1
AU	ocher	ochre	1
AU	odor	odour	1
AU	odored	odoured	1
AU	odorless	odourless	1
AU	odors	odours	1
AU	offense	offence	1
AU	offense's	offence's	1
AU	offenses	offences	1
AU	ok	okay	0
AU	okapi	okapis	0
AU	okapis	okapi	0
AU	okay	ok	0
AU	okayed	oked	0
AU	okaying	oking	0
AU	okays	oks	0
AU	oked	okayed	0
AU	oking	okaying	0
AU	oks	okays	0
AU	omelet	omelette	1
AU	omelets	omelettes	1
AU	onward	onwards	1
AU	opossum	opossums	0
AU	opossums	opossum	0
AU	optimization	optimisation	1
AU	optimizations	optimisations	1
AU	optimize	optimise	1
AU	optimized	optimised	1
AU	optimizer	optimiser	1
AU	optimizes	optimises	1
AU	optimizing	optimising	1
AU	organdy	organdie	1
AU	organization	organisation	1
AU	organization's	organisation's	1
AU	organizational	organisational	1
AU	organizationally	organisationally	1
AU	organizations	organisations	1
AU	organize	organise	1
AU	organized	organised	1
AU	organizer	organiser	1
AU	organizer's	organiser's	1
AU	organizers	organisers	1
AU	organizes	organises	1
AU	organizing	organising	1
AU	orthopedic	orthopaedic	1
AU	orthopedics	orthopaedics	1
AU	orthopedist	orthopaedist	1
AU	orthopedist's	orthopaedist's	1
AU	orthopedists	orthopaedists	1
AU	ostracize	ostracise	1
AU	ostracized	ostracised	1
AU	ostracizes	ostracises	1
AU	ostracizing	ostracising	1
AU	otter	otters	0
AU	otters	otter	0
AU	ourself	ourselves	0
AU	ourselves	ourself	0
AU	outmaneuver	outmanoeuvre	1
AU	outmaneuvered	outmanoeuvred	1
AU	outmaneuvering	outmanoeuvring	1
AU	outmaneuvers	outmanoeuvres	1
AU	outspoke	outspoken	1
AU	overanalyze	overanalyse	1
AU	overcapitalize	overcapitalise	1
AU	overcapitalized	overcapitalised	1
AU	overcapitalizes	overcapitalises	1
AU	overcapitalizing	overcapitalising	1
AU	overemphasize	overemphasise	1
AU	overemphasized	overemphasised	1
AU	overemphasizes	overemphasises	1
AU	overemphasizing	overemphasising	1
AU	overgeneralize	overgeneralise	1
AU	overgeneralized	overgeneralised	1
AU	overgeneralizes	overgeneralises	1
AU	overgeneralizing	overgeneralising	1
AU	overladed	overladen	1
AU	oversize	oversized	1
AU	overspecialization	overspecialisation	1
AU	overspecialize	overspecialise	1
AU	overspecialized	overspecialised	1
AU	overspecializes	overspecialises	1
AU	overspecializing	overspecialising	1
AU	oxidization	oxidisation	1
AU	oxidize	oxidise	1
AU	oxidized	oxidised	1
AU	oxidizer	oxidiser	1
AU	oxidizers	oxidisers	1
AU	oxidizes	oxidises	1
AU	oxidizing	oxidising	1
AU	paced	packed	0
AU	pacing	packing	0
AU	packed	paced	0
AU	packing	pacing	0
AU	pajama	pyjama	1
AU	pajamas	pyjamas	1
AU	palatalization	palatalisation	1
AU	palatalize	palatalise	1
AU	palatalized	palatalised	1
AU	palatalizes	palatalises	1
AU	palatalizing	palatalising	1
AU	paleographer	palaeographer	1
AU	paleographers	palaeographers	1
AU	paleography	palaeography	1
AU	paleolithic	palaeolithic	1
AU	paleontologist	palaeontologist	1
AU	paleontologist's	palaeontologist's	1
AU	paleontologists	palaeontologists	1
AU	paleontology	palaeontology	1
AU	paleontology's	palaeontology's	1
AU	paneled	panelled	1
AU	paneling	panelling	1
AU	panelings	panellings	1
AU	panelist	panellist	1
AU	panelist's	panellist's	1
AU	panelists	panellists	1
AU	panther	panthers	0
AU	panthers	panther	0
AU	parallelization	parallelisation	1
AU	parallelized	parallelised	1
AU	paralyze	paralyse	1
AU	paralyzed	paralysed	1
AU	paralyzes	paralyses	1
AU	paralyzing	paralysing	1
AU	paralyzingly	paralysingly	1
AU	parameterize	parameterise	1
AU	parameterized	parameterised	1
AU	parameterizes	parameterises	1
AU	parameterizing	parameterising	1
AU	parceled	parcelled	1
AU	parceling	parcelling	1
AU	parenthesize	parenthesise	1
AU	parenthesized	parenthesised	1
AU	parenthesizes	parenthesises	1
AU	parenthesizing	parenthesising	1
AU	pari-mutuel	parimutuel	0
AU	pari-mutuels	parimutuels	0
AU	parimutuel	pari-mutuel	0
AU	parimutuels	pari-mutuels	0
AU	parlor	parlour	1
AU	parlor's	parlour's	1
AU	parlors	parlours	1
AU	particularization	particularisation	1
AU	particularize	particularise	1
AU	particularized	particularised	1
AU	particularizes	particularises	1
AU	particularizing	particularising	1
AU	passivization	passivisation	1
AU	pasteurization	pasteurisation	1
AU	pasteurize	pasteurise	1
AU	pasteurized	pasteurised	1
AU	pasteurizer	pasteuriser	1
AU	pasteurizers	pasteurisers	1
AU	pasteurizes	pasteurises	1
AU	pasteurizing	pasteurising	1
AU	patinas	patinae	0
AU	patine	patinae	1
AU	patine	patinas	1
AU	patronize	patronise	1
AU	patronized	patronised	1
AU	patronizer	patroniser	1
AU	patronizers	patronisers	1
AU	patronizes	patronises	1
AU	patronizing	patronising	1
AU	patronizingly	patronisingly	1
AU	pauperize	pauperise	1
AU	pauperized	pauperised	1
AU	pauperizes	pauperises	1
AU	pauperizing	pauperising	1
AU	pe	poe	0
AU	peacock	peacocks	0
AU	peacocks	peacock	0
AU	peafowl	peafowls	0
AU	peafowls	peafowl	0
AU	pedaled	pedalled	1
AU	pedaling	pedalling	1
AU	peddler	pedlar	0
AU	peddler's	pedlar's	0
AU	peddlers	pedlars	0
AU	pedestrianization	pedestrianisation	1
AU	pedestrianize	pedestrianise	1
AU	pedestrianized	pedestrianised	1
AU	pedestrianizes	pedestrianises	1
AU	pedestrianizing	pedestrianising	1
AU	pediatric	paediatric	1
AU	pediatrician	paediatrician	1
AU	pediatrician's	paediatrician's	1
AU	pediatricians	paediatricians	1
AU	pediatrics	paediatrics	1
AU	pedophile	paedophile	1
AU	pedophiles	paedophiles	1
AU	pedophilia	paedophilia	1
AU	penalization	penalisation	1
AU	penalize	penalise	1
AU	penalized	penalised	1
AU	penalizes	penalises	1
AU	penalizing	penalising	1
AU	penciled	pencilled	1
AU	penciling	pencilling	1
AU	penne	pennae	1
AU	perch	perches	0
AU	perches	perch	0
AU	performative	preformative	1
AU	periled	perilled	1
AU	periling	perilling	1
AU	personae	personas	0
AU	personae's	personas'	0
AU	personalization	personalisation	1
AU	personalizations	personalisations	1
AU	personalize	personalise	1
AU	personalized	personalised	1
AU	personalizes	personalises	1
AU	personalizing	personalising	1
AU	personas	personae	0
AU	personas'	personae's	0
AU	perv	prev	1
AU	petaled	petalled	1
AU	philosophize	philosophise	1
AU	philosophized	philosophised	1
AU	philosophizer	philosophiser	1
AU	philosophizer's	philosophiser's	1
AU	philosophizers	philosophisers	1
AU	philosophizes	philosophises	1
AU	philosophizing	philosophising	1
AU	philter	philtre	1
AU	philters	philtres	1
AU	phonies	phoneys	0
AU	phony	phoney	0
AU	phony's	phoney's	1
AU	photosyntheses	photosynthesises	1
AU	photosynthesize	photosynthesise	1
AU	photosynthesized	photosynthesised	1
AU	photosynthesizes	photosynthesises	1
AU	photosynthesizing	photosynthesising	1
AU	piaster	piastre	1
AU	piasters	piastres	1
AU	pickax	pickaxe	1
AU	pickerel	pickerels	0
AU	pickerels	pickerel	0
AU	pike	pikes	0
AU	pikes	pike	0
AU	piranha	piranhas	0
AU	piranhas	piranha	0
AU	plagiarize	plagiarise	1
AU	plagiarized	plagiarised	1
AU	plagiarizer	plagiariser	1
AU	plagiarizer's	plagiariser's	1
AU	plagiarizers	plagiarisers	1
AU	plagiarizes	plagiarises	1
AU	plagiarizing	plagiarising	1
AU	plasticize	plasticise	1
AU	plasticized	plasticised	1
AU	plasticizes	plasticises	1
AU	plasticizing	plasticising	1
AU	platy	platys	0
AU	platys	platy	0
AU	plover	plovers	0
AU	plovers	plover	0
AU	plow	plough	1
AU	plowed	ploughed	1
AU	plowing	ploughing	1
AU	plowman	ploughman	1
AU	plowman's	ploughman's	1
AU	plowmen	ploughmen	1
AU	plowmen's	ploughmen's	1
AU	plows	ploughs	1
AU	plowshare	ploughshare	1
AU	plowshares	ploughshares	1
AU	pluralization	pluralisation	1
AU	pluralize	pluralise	1
AU	pluralized	pluralised	1
AU	pluralizes	pluralises	1
AU	pluralizing	pluralising	1
AU	plusses	pluses	1
AU	polarization	polarisation	1
AU	polarize	polarise	1
AU	polarized	polarised	1
AU	polarizes	polarises	1
AU	polarizing	polarising	1
AU	polecat	polecats	0
AU	polecats	polecat	0
AU	politicization	politicisation	1
AU	politicize	politicise	1
AU	politicized	politicised	1
AU	politicizes	politicises	1
AU	politicizing	politicising	1
AU	pollack	pollacks	0
AU	pollacks	pollack	0
AU	polymerization	polymerisation	1
AU	polymerize	polymerise	1
AU	polymerized	polymerised	1
AU	polymerizes	polymerises	1
AU	polymerizing	polymerising	1
AU	pommeled	pommelled	1
AU	pommeling	pommelling	1
AU	pompano	pompanos	0
AU	pompanos	pompano	0
AU	pop-up	popup	0
AU	pop-ups	popups	0
AU	popularization	popularisation	1
AU	popularize	popularise	1
AU	popularized	popularised	1
AU	popularizes	popularises	1
AU	popularizing	popularising	1
AU	popup	pop-up	0
AU	popups	pop-ups	0
AU	porgies	porgy	0
AU	porgy	porgies	0
AU	porpoise	porpoises	0
AU	porpoises	porpoise	0
AU	possum	possums	0
AU	possums	possum	0
AU	pound	pounds	0
AU	pounds	pound	0
AU	practice	practise	0
AU	practiced	practised	1
AU	practices	practises	0
AU	practicing	practising	1
AU	pre-owned	preowned	0
AU	pre-service	preservice	0
AU	preexist	pre-exist	1
AU	preexisted	pre-existed	1
AU	preexisting	pre-existing	1
AU	preexists	pre-exists	1
AU	prejudgment	prejudgement	1
AU	prejudgments	prejudgements	1
AU	preowned	pre-owned	0
AU	preservice	pre-service	0
AU	preshrank	preshrunk	0
AU	preshrunk	preshrank	0
AU	pressurization	pressurisation	1
AU	pressurize	pressurise	1
AU	pressurized	pressurised	1
AU	pressurizer	pressuriser	1
AU	pressurizers	pressurisers	1
AU	pressurizes	pressurises	1
AU	pressurizing	pressurising	1
AU	pretense	pretence	1
AU	pretenses	pretences	1
AU	preterit	preterite	1
AU	preterits	preterites	1
AU	prioritization	prioritisation	1
AU	prioritize	prioritise	1
AU	prioritized	prioritised	1
AU	prioritizes	prioritises	1
AU	prioritizing	prioritising	1
AU	privatization	privatisation	1
AU	privatizations	privatisations	1
AU	privatize	privatise	1
AU	privatized	privatised	1
AU	privatizes	privatises	1
AU	privatizing	privatising	1
AU	prize	prise	0
AU	prized	prised	0
AU	prizes	prises	0
AU	prizing	prising	0
AU	professionalization	professionalisation	1
AU	professionalize	professionalise	1
AU	professionalized	professionalised	1
AU	professionalizes	professionalises	1
AU	professionalizing	professionalising	1
AU	pronghorn	pronghorns	0
AU	pronghorns	pronghorn	0
AU	propagandize	propagandise	1
AU	propagandized	propagandised	1
AU	propagandizes	propagandises	1
AU	propagandizing	propagandising	1
AU	proselytize	proselytise	1
AU	proselytized	proselytised	1
AU	proselytizer	proselytiser	1
AU	proselytizers	proselytisers	1
AU	proselytizes	proselytises	1
AU	proselytizing	proselytising	1
AU	proved	proven	0
AU	proven	proved	0
AU	psychoanalyze	psychoanalyse	1
AU	psychoanalyzed	psychoanalysed	1
AU	psychoanalyzes	psychoanalyses	1
AU	psychoanalyzing	psychoanalysing	1
AU	ptarmigan	ptarmigans	0
AU	ptarmigans	ptarmigan	0
AU	publicize	publicise	1
AU	publicized	publicised	1
AU	publicizes	publicises	1
AU	publicizing	publicising	1
AU	pudgier	podgier	1
AU	pudgiest	podgiest	1
AU	pudgy	podgy	1
AU	pulverization	pulverisation	1
AU	pulverize	pulverise	1
AU	pulverized	pulverised	1
AU	pulverizes	pulverises	1
AU	pulverizing	pulverising	1
AU	pummeled	pummelled	1
AU	pummeling	pummelling	1
AU	pured	pureed	1
AU	pyorrhea	pyorrhoea	1
AU	quail	quails	0
AU	quails	quail	0
AU	quantization	quantisation	1
AU	quantize	quantise	1
AU	quantized	quantised	1
AU	quantizes	quantises	1
AU	quantizing	quantising	1
AU	quarreled	quarrelled	1
AU	quarreler	quarreller	1
AU	quarreler's	quarreller's	1
AU	quarrelers	quarrellers	1
AU	quarreling	quarrelling	1
AU	rabbit	rabbits	0
AU	rabbits	rabbit	0
AU	raccoon	raccoons	0
AU	raccoons	raccoon	0
AU	racialized	racialised	1
AU	racket	racquet	0
AU	rackets	racquets	0
AU	radicalization	radicalisation	1
AU	radicalize	radicalise	1
AU	radicalized	radicalised	1
AU	radicalizes	radicalises	1
AU	radicalizing	radicalising	1
AU	rail	rails	0
AU	rails	rail	0
AU	rancor	rancour	1
AU	randomization	randomisation	1
AU	randomize	randomise	1
AU	randomized	randomised	1
AU	randomizes	randomises	1
AU	randomizing	randomising	1
AU	rationalization	rationalisation	1
AU	rationalizations	rationalisations	1
AU	rationalize	rationalise	1
AU	rationalized	rationalised	1
AU	rationalizes	rationalises	1
AU	rationalizing	rationalising	1
AU	raveled	ravelled	1
AU	raveling	ravelling	1
AU	realizable	realisable	1
AU	realization	realisation	1
AU	realizations	realisations	1
AU	realize	realise	1
AU	realized	realised	1
AU	realizes	realises	1
AU	realizing	realising	1
AU	reanalyze	reanalyse	1
AU	reanalyzed	reanalysed	1
AU	reanalyzes	reanalyses	1
AU	reanalyzing	reanalysing	1
AU	reauthorization	reauthorisation	1
AU	reauthorizations	reauthorisations	1
AU	reauthorize	reauthorise	1
AU	reauthorizes	reauthorises	1
AU	recapitalization	recapitalisation	1
AU	recapitalize	recapitalise	1
AU	recapitalized	recapitalised	1
AU	recapitalizes	recapitalises	1
AU	recapitalizing	recapitalising	1
AU	recognizable	recognisable	1
AU	recognizably	recognisably	1
AU	recognizance	recognisance	1
AU	recognize	recognise	1
AU	recognized	recognised	1
AU	recognizer	recogniser	1
AU	recognizes	recognises	1
AU	recognizing	recognising	1
AU	recolonization	recolonisation	1
AU	recolonize	recolonise	1
AU	recolonized	recolonised	1
AU	recolonizes	recolonises	1
AU	recolonizing	recolonising	1
AU	recolor	recolour	1
AU	recolored	recoloured	1
AU	recoloring	recolouring	1
AU	recolors	recolours	1
AU	reconnoiter	reconnoitre	1
AU	reconnoitered	reconnoitred	1
AU	reconnoitering	reconnoitring	1
AU	reconnoiters	reconnoitres	1
AU	recrystallize	recrystallise	1
AU	recrystallized	recrystallised	1
AU	recrystallizes	recrystallises	1
AU	recrystallizing	recrystallising	1
AU	redialed	redialled	1
AU	redialing	redialling	1
AU	reemphasize	reemphasise	1
AU	reemphasized	reemphasised	1
AU	reemphasizes	reemphasises	1
AU	reemphasizing	reemphasising	1
AU	reenergize	reenergise	1
AU	referenda	referendums	0
AU	referendums	referenda	0
AU	refueled	refuelled	1
AU	refueling	refuelling	1
AU	regularization	regularisation	1
AU	regularize	regularise	1
AU	regularized	regularised	1
AU	regularizes	regularises	1
AU	regularizing	regularising	1
AU	reinitialize	reinitialise	1
AU	reinitialized	reinitialised	1
AU	reinitializes	reinitialises	1
AU	reinitializing	reinitialising	1
AU	relabeled	relabelled	1
AU	relabeling	relabelling	1
AU	relighted	relit	0
AU	relit	relighted	0
AU	remodeled	remodelled	1
AU	remodeling	remodelling	1
AU	remold	remould	1
AU	remolded	remoulded	1
AU	remolding	remoulding	1
AU	remolds	remoulds	1
AU	reorganization	reorganisation	1
AU	reorganizations	reorganisations	1
AU	reorganize	reorganise	1
AU	reorganized	reorganised	1
AU	reorganizes	reorganises	1
AU	reorganizing	reorganising	1
AU	reveled	revelled	1
AU	reveler	reveller	1
AU	reveler's	reveller's	1
AU	revelers	revellers	1
AU	reveling	revelling	1
AU	revitalization	revitalisation	1
AU	revitalize	revitalise	1
AU	revitalized	revitalised	1
AU	revitalizes	revitalises	1
AU	revitalizing	revitalising	1
AU	revolutionize	revolutionise	1
AU	revolutionized	revolutionised	1
AU	revolutionizes	revolutionises	1
AU	revolutionizing	revolutionising	1
AU	rhapsodize	rhapsodise	1
AU	rhapsodized	rhapsodised	1
AU	rhapsodizes	rhapsodises	1
AU	rhapsodizing	rhapsodising	1
AU	rhinoceros	rhinoceroses	0
AU	rhinoceros'	rhinoceroses'	0
AU	rhinoceroses	rhinoceros	0
AU	rhinoceroses'	rhinoceros'	0
AU	rigor	rigour	1
AU	rigors	rigours	1
AU	rip-off	ripoff	0
AU	rip-offs	ripoffs	0
AU	ripoff	rip-off	0
AU	ripoffs	rip-offs	0
AU	ritualized	ritualised	1
AU	rivaled	rivalled	1
AU	rivaling	rivalling	1
AU	roach	roaches	0
AU	roaches	roach	0
AU	robotize	robotise	1
AU	robotized	robotised	1
AU	robotizes	robotises	1
AU	robotizing	robotising	1
AU	roe	roes	0
AU	roebuck	roebucks	0
AU	roebucks	roebuck	0
AU	roes	roe	0
AU	roll-top	rolltop	0
AU	rolltop	roll-top	0
AU	romania	roumania	1
AU	romania's	roumania's	1
AU	romanticize	romanticise	1
AU	romanticized	romanticised	1
AU	romanticizes	romanticises	1
AU	romanticizing	romanticising	1
AU	routinize	routinise	1
AU	routinized	routinised	1
AU	routinizes	routinises	1
AU	routinizing	routinising	1
AU	roweled	rowelled	1
AU	roweling	rowelling	1
AU	rubberize	rubberise	1
AU	rubberized	rubberised	1
AU	rubberizes	rubberises	1
AU	rubberizing	rubberising	1
AU	ruble	rouble	1
AU	ruble's	rouble's	1
AU	rubles	roubles	1
AU	rumor	rumour	1
AU	rumor's	rumour's	1
AU	rumored	rumoured	1
AU	rumoring	rumouring	1
AU	rumormonger	rumourmonger	1
AU	rumormonger's	rumourmonger's	1
AU	rumormongers	rumourmongers	1
AU	rumors	rumours	1
AU	saber	sabre	1
AU	saber's	sabre's	1
AU	sabers	sabres	1
AU	sable	sables	0
AU	sables	sable	0
AU	sailfish	sailfishes	0
AU	sailfishes	sailfish	0
AU	sake	saki	0
AU	sake's	saki's	1
AU	sakes	sakis	1
AU	salable	saleable	1
AU	salmon	salmons	0
AU	salmons	salmon	0
AU	saltpeter	saltpetre	1
AU	sanitization	sanitisation	1
AU	sanitizations	sanitisations	1
AU	sanitize	sanitise	1
AU	sanitized	sanitised	1
AU	sanitizer	sanitiser	1
AU	sanitizers	sanitisers	1
AU	sanitizes	sanitises	1
AU	sanitizing	sanitising	1
AU	sardine	sardines	0
AU	sardines	sardine	0
AU	satirize	satirise	1
AU	satirized	satirised	1
AU	satirizes	satirises	1
AU	satirizing	satirising	1
AU	savior	saviour	0
AU	savior's	saviour's	0
AU	saviors	saviours	1
AU	savor	savour	1
AU	savored	savoured	1
AU	savorier	savourier	1
AU	savories	savouries	1
AU	savoriest	savouriest	1
AU	savoriness	savouriness	1
AU	savoring	savouring	1
AU	savors	savours	1
AU	savory	savoury	1
AU	sawed	sawn	0
AU	scandalize	scandalise	1
AU	scandalized	scandalised	1
AU	scandalizes	scandalises	1
AU	scandalizing	scandalising	1
AU	scepter	sceptre	1
AU	scepters	sceptres	1
AU	schematize	schematise	1
AU	schematized	schematised	1
AU	schematizes	schematises	1
AU	schematizing	schematising	1
AU	scrutinize	scrutinise	1
AU	scrutinized	scrutinised	1
AU	scrutinizes	scrutinises	1
AU	scrutinizing	scrutinising	1
AU	seal	seals	0
AU	seals	seal	0
AU	seborrhea	seborrhoea	1
AU	secularization	secularisation	1
AU	secularize	secularise	1
AU	secularized	secularised	1
AU	secularizes	secularises	1
AU	secularizing	secularising	1
AU	sell-off	selloff	0
AU	sell-offs	selloffs	0
AU	selloff	sell-off	0
AU	selloffs	sell-offs	0
AU	send-off	sendoff	0
AU	send-offs	sendoffs	0
AU	sendoff	send-off	0
AU	sendoffs	send-offs	0
AU	sensationalize	sensationalise	1
AU	sensationalized	sensationalised	1
AU	sensationalizes	sensationalises	1
AU	sensationalizing	sensationalising	1
AU	sensitization	sensitisation	1
AU	sensitize	sensitise	1
AU	sensitized	sensitised	1
AU	sensitizes	sensitises	1
AU	sensitizing	sensitising	1
AU	sentimentalization	sentimentalisation	1
AU	sentimentalize	sentimentalise	1
AU	sentimentalized	sentimentalised	1
AU	sentimentalizes	sentimentalises	1
AU	sentimentalizing	sentimentalising	1
AU	septicemia	septicaemia	1
AU	septicemic	septicaemic	1
AU	sepulcher	sepulchre	1
AU	sepulchered	sepulchred	1
AU	sepulchering	sepulchring	1
AU	sepulchers	sepulchres	1
AU	serializable	serialisable	1
AU	serialization	serialisation	1
AU	serializations	serialisations	1
AU	serialize	serialise	1
AU	serialized	serialised	1
AU	serializes	serialises	1
AU	serializing	serialising	1
AU	sermonize	sermonise	1
AU	sermonized	sermonised	1
AU	sermonizes	sermonises	1
AU	sermonizing	sermonising	1
AU	sexualization	sexualisation	1
AU	sexualize	sexualise	1
AU	sexualized	sexualised	1
AU	sexualizes	sexualises	1
AU	sexualizing	sexualising	1
AU	shad	shads	0
AU	shads	shad	0
AU	shaved	shaven	0
AU	shaven	shaved	0
AU	sheared	shorn	0
AU	sheik	sheikh	1
AU	sheik's	sheikh's	1
AU	sheiks	sheikhs	1
AU	shellfish	shellfishes	0
AU	shellfishes	shellfish	0
AU	shorn	sheared	0
AU	shoveled	shovelled	1
AU	shoveling	shovelling	1
AU	show-off	showoff	0
AU	show-off's	showoff's	0
AU	show-offs	showoffs	0
AU	showoff	show-off	0
AU	showoff's	show-off's	0
AU	showoffs	show-offs	0
AU	shrimp	shrimps	0
AU	shrimps	shrimp	0
AU	shriveled	shrivelled	1
AU	shriveling	shrivelling	1
AU	signaled	signalled	1
AU	signaler	signaller	1
AU	signaler's	signaller's	1
AU	signalers	signallers	1
AU	signaling	signalling	1
AU	signalization	signalisation	1
AU	signalize	signalise	1
AU	signalized	signalised	1
AU	signalizes	signalises	1
AU	signalizing	signalising	1
AU	silverfish	silverfishes	0
AU	silverfishes	silverfish	0
AU	simonize	simonise	1
AU	simple-mindedness	simplemindedness	0
AU	simplemindedness	simple-mindedness	0
AU	sizable	sizeable	1
AU	skate	skates	0
AU	skates	skate	0
AU	skeptic	sceptic	1
AU	skeptic's	sceptic's	1
AU	skeptical	sceptical	1
AU	skeptically	sceptically	1
AU	skepticism	scepticism	1
AU	skeptics	sceptics	1
AU	skillful	skilful	1
AU	skillfully	skilfully	1
AU	skillfulness	skilfulness	1
AU	skunk	skunks	0
AU	skunks	skunk	0
AU	slenderize	slenderise	1
AU	slenderized	slenderised	1
AU	slenderizes	slenderises	1
AU	slenderizing	slenderising	1
AU	slier	slyer	1
AU	sliest	slyest	1
AU	smart-ass	smart-arse	1
AU	smart-ass	smartarse	1
AU	smart-asses	smart-arses	1
AU	smart-asses	smartarses	1
AU	smelt	smelts	0
AU	smelts	smelt	0
AU	smolder	smoulder	1
AU	smoldered	smouldered	1
AU	smoldering	smouldering	1
AU	smolders	smoulders	1
AU	snapper	snappers	0
AU	snappers	snapper	0
AU	snipe	snipes	0
AU	snipes	snipe	0
AU	sniveled	snivelled	1
AU	sniveler	sniveller	1
AU	sniveler's	sniveller's	1
AU	snivelers	snivellers	1
AU	sniveling	snivelling	1
AU	snorkeled	snorkelled	1
AU	snorkeler	snorkeller	1
AU	snorkeling	snorkelling	1
AU	snowplow	snowplough	1
AU	snowplowed	snowploughed	1
AU	snowplowing	snowploughing	1
AU	snowplows	snowploughs	1
AU	socialization	socialisation	1
AU	socialize	socialise	1
AU	socialized	socialised	1
AU	socializes	socialises	1
AU	socializing	socialising	1
AU	sodomize	sodomise	1
AU	sodomized	sodomised	1
AU	sodomizes	sodomises	1
AU	sodomizing	sodomising	1
AU	soft-pedaled	soft-pedalled	0
AU	soft-pedaling	soft-pedalling	0
AU	soft-pedalled	soft-pedaled	0
AU	soft-pedalling	soft-pedaling	0
AU	sole	soles	0
AU	solemnization	solemnisation	1
AU	solemnize	solemnise	1
AU	solemnized	solemnised	1
AU	solemnizes	solemnises	1
AU	solemnizing	solemnising	1
AU	soles	sole	0
AU	soliloquize	soliloquise	1
AU	soliloquized	soliloquised	1
AU	soliloquizes	soliloquises	1
AU	soliloquizing	soliloquising	1
AU	somber	sombre	1
AU	somberly	sombrely	1
AU	somberness	sombreness	1
AU	sowed	sown	0
AU	sown	sowed	0
AU	space-time	spacetime	0
AU	spacetime	space-time	0
AU	spearfish	spearfishes	0
AU	spearfishes	spearfish	0
AU	specialization	specialisation	1
AU	specializations	specialisations	1
AU	specialize	specialise	1
AU	specialized	specialised	1
AU	specializes	specialises	1
AU	specializing	specialising	1
AU	specialties	specialities	1
AU	specialty	speciality	1
AU	specter	spectre	1
AU	specter's	spectre's	1
AU	specters	spectres	1
AU	spelled	spelt	1
AU	spilled	spilt	1
AU	spin-off	spinoff	0
AU	spin-offs	spinoffs	0
AU	spinoff	spin-off	0
AU	spinoffs	spin-offs	0
AU	spiraled	spiralled	1
AU	spiraling	spiralling	1
AU	spirea	spiraea	1
AU	spireas	spiraeas	1
AU	spirochete	spirochaete	1
AU	spirochete's	spirochaete's	1
AU	spirochetes	spirochaetes	1
AU	splendor	splendour	1
AU	splendors	splendours	1
AU	spoiled	spoilt	1
AU	spotlighted	spotlit	0
AU	spotlit	spotlighted	0
AU	sprat	sprats	0
AU	sprats	sprat	0
AU	springbok	springboks	0
AU	springboks	springbok	0
AU	springeing	springing	1
AU	squab	squabs	0
AU	squabs	squab	0
AU	squid	squids	0
AU	squids	squid	0
AU	squier	squire	1
AU	squier's	squire's	1
AU	squirrel	squirrels	0
AU	squirreled	squirrelled	1
AU	squirreling	squirrelling	1
AU	squirrels	squirrel	0
AU	stabilization	stabilisation	1
AU	stabilize	stabilise	1
AU	stabilized	stabilised	1
AU	stabilizer	stabiliser	1
AU	stabilizers	stabilisers	1
AU	stabilizes	stabilises	1
AU	stabilizing	stabilising	1
AU	standardization	standardisation	1
AU	standardize	standardise	1
AU	standardized	standardised	1
AU	standardizes	standardises	1
AU	standardizing	standardising	1
AU	starfish	starfishes	0
AU	starfishes	starfish	0
AU	start-up	startup	0
AU	start-ups	startups	0
AU	startup	start-up	0
AU	startups	start-ups	0
AU	steer	steers	0
AU	steers	steer	0
AU	stenciled	stencilled	1
AU	stenciling	stencilling	1
AU	stepping-stone	steppingstone	0
AU	stepping-stones	steppingstones	0
AU	steppingstone	stepping-stone	0
AU	steppingstones	stepping-stones	0
AU	sterilization	sterilisation	1
AU	sterilizations	sterilisations	1
AU	sterilize	sterilise	1
AU	sterilized	sterilised	1
AU	sterilizer	steriliser	1
AU	sterilizers	sterilisers	1
AU	sterilizes	sterilises	1
AU	sterilizing	sterilising	1
AU	stigmatization	stigmatisation	1
AU	stigmatize	stigmatise	1
AU	stigmatized	stigmatised	1
AU	stigmatizes	stigmatises	1
AU	stigmatizing	stigmatising	1
AU	storied	storeyed	0
AU	stories	storeys	0
AU	story	storey	0
AU	story's	storey's	0
AU	strait-laced	straitlaced	0
AU	straitlaced	strait-laced	0
AU	strategize	strategise	1
AU	strategized	strategised	1
AU	strategizes	strategises	1
AU	strategizing	strategising	1
AU	strewed	strewn	0
AU	strewn	strewed	0
AU	strived	striven	1
AU	strived	strove	1
AU	sturgeon	sturgeons	0
AU	sturgeons	sturgeon	0
AU	stylize	stylise	1
AU	stylized	stylised	1
AU	stylizes	stylises	1
AU	stylizing	stylising	1
AU	subsidization	subsidisation	1
AU	subsidize	subsidise	1
AU	subsidized	subsidised	1
AU	subsidizer	subsidiser	1
AU	subsidizer's	subsidiser's	1
AU	subsidizers	subsidisers	1
AU	subsidizes	subsidises	1
AU	subsidizing	subsidising	1
AU	subtotaled	subtotalled	1
AU	subtotaling	subtotalling	1
AU	succor	succour	1
AU	succored	succoured	1
AU	succoring	succouring	1
AU	succors	succours	1
AU	sulfate	sulphate	1
AU	sulfates	sulphates	1
AU	sulfide	sulphide	1
AU	sulfides	sulphides	1
AU	sulfur	sulphur	1
AU	sulfured	sulphured	1
AU	sulfuric	sulphuric	1
AU	sulfuring	sulphuring	1
AU	sulfurous	sulphurous	1
AU	sulfurs	sulphurs	1
AU	summarize	summarise	1
AU	summarized	summarised	1
AU	summarizes	summarises	1
AU	summarizing	summarising	1
AU	sunfish	sunfishes	0
AU	sunfishes	sunfish	0
AU	sweat	sweated	0
AU	sweated	sweat	0
AU	sweepstakes	sweepstake	1
AU	swingeing	swinging	0
AU	swinging	swingeing	0
AU	swiveled	swivelled	1
AU	swiveling	swivelling	1
AU	swordfish	swordfishes	0
AU	swordfishes	swordfish	0
AU	symbolization	symbolisation	1
AU	symbolize	symbolise	1
AU	symbolized	symbolised	1
AU	symbolizes	symbolises	1
AU	symbolizing	symbolising	1
AU	sympathize	sympathise	1
AU	sympathized	sympathised	1
AU	sympathizer	sympathiser	1
AU	sympathizer's	sympathiser's	1
AU	sympathizers	sympathisers	1
AU	sympathizes	sympathises	1
AU	sympathizing	sympathising	1
AU	synchronization	synchronisation	1
AU	synchronizations	synchronisations	1
AU	synchronize	synchronise	1
AU	synchronized	synchronised	1
AU	synchronizes	synchronises	1
AU	synchronizing	synchronising	1
AU	syntheses	synthesises	0
AU	synthesize	synthesise	1
AU	synthesized	synthesised	1
AU	synthesizes	synthesises	1
AU	synthesizing	synthesising	1
AU	systematization	systematisation	1
AU	systematize	systematise	1
AU	systematized	systematised	1
AU	systematizes	systematises	1
AU	systematizing	systematising	1
AU	tantalization	tantalisation	1
AU	tantalize	tantalise	1
AU	tantalized	tantalised	1
AU	tantalizer	tantaliser	1
AU	tantalizer's	tantaliser's	1
AU	tantalizers	tantalisers	1
AU	tantalizes	tantalises	1
AU	tantalizing	tantalising	1
AU	tantalizingly	tantalisingly	1
AU	tapir	tapirs	0
AU	tapirs	tapir	0
AU	tarpon	tarpons	0
AU	tarpons	tarpon	0
AU	tasseled	tasselled	1
AU	tasseling	tasselling	1
AU	tatami	tatamis	0
AU	tatamis	tatami	0
AU	teal	teals	0
AU	teals	teal	0
AU	teetotaler	teetotaller	1
AU	teetotaler's	teetotaller's	1
AU	teetotalers	teetotallers	1
AU	tegu	taegu	1
AU	temporize	temporise	1
AU	temporized	temporised	1
AU	temporizer	temporiser	1
AU	temporizer's	temporiser's	1
AU	temporizers	temporisers	1
AU	temporizes	temporises	1
AU	temporizing	temporising	1
AU	tenderize	tenderise	1
AU	tenderized	tenderised	1
AU	tenderizer	tenderiser	1
AU	tenderizers	tenderisers	1
AU	tenderizes	tenderises	1
AU	tenderizing	tenderising	1
AU	terrorize	terrorise	1
AU	terrorized	terrorised	1
AU	terrorizes	terrorises	1
AU	terrorizing	terrorising	1
AU	theater	theatre	1
AU	theater's	theatre's	1
AU	theatergoer	theatregoer	1
AU	theatergoer's	theatregoer's	1
AU	theatergoers	theatregoers	1
AU	theaters	theatres	1
AU	theorize	theorise	1
AU	theorized	theorised	1
AU	theorizes	theorises	1
AU	theorizing	theorising	1
AU	thine	thy	0
AU	thralldom	thraldom	1
AU	thruway	throughway	1
AU	thruways	throughways	1
AU	thunderstricken	thunderstruck	1
AU	thy	thine	0
AU	tick-tack-toe	ticktacktoe	0
AU	ticktacktoe	tick-tack-toe	0
AU	tidbit	titbit	1
AU	tidbits	titbits	1
AU	time-out	timeout	0
AU	time-outs	timeouts	0
AU	timeout	time-out	0
AU	timeouts	time-outs	0
AU	timor	timour	1
AU	timor's	timour's	1
AU	tinseled	tinselled	1
AU	tinseling	tinselling	1
AU	tire	tyre	0
AU	tire's	tyre's	1
AU	tokenization	tokenisation	1
AU	tokenize	tokenise	1
AU	tokenized	tokenised	1
AU	tokenizes	tokenises	1
AU	tokenizing	tokenising	1
AU	ton	tons	0
AU	tons	ton	0
AU	toss-up	tossup	0
AU	toss-ups	tossups	0
AU	tossup	toss-up	0
AU	tossups	toss-ups	0
AU	totaled	totalled	1
AU	totaling	totalling	1
AU	totalizator	totalisator	1
AU	totalizators	totalisators	1
AU	toweled	towelled	1
AU	toweling	towelling	1
AU	towelings	towellings	1
AU	toxemia	toxaemia	1
AU	trabecule	trabeculae	1
AU	trammeled	trammelled	1
AU	trammeling	trammelling	1
AU	tranquility	tranquillity	1
AU	tranquilize	tranquillise	1
AU	tranquilized	tranquillised	1
AU	tranquilizer	tranquilliser	1
AU	tranquilizers	tranquillisers	1
AU	tranquilizes	tranquillises	1
AU	tranquilizing	tranquillising	1
AU	transistorize	transistorise	1
AU	transistorized	transistorised	1
AU	transistorizes	transistorises	1
AU	transistorizing	transistorising	1
AU	traumatize	traumatise	1
AU	traumatized	traumatised	1
AU	traumatizes	traumatises	1
AU	traumatizing	traumatising	1
AU	traveled	travelled	1
AU	traveler	traveller	1
AU	traveler's	traveller's	1
AU	travelers	travellers	1
AU	traveling	travelling	1
AU	travelings	travellings	1
AU	trialed	trialled	1
AU	trialing	trialling	1
AU	tricolor	tricolour	1
AU	tricolored	tricoloured	1
AU	tricolors	tricolours	1
AU	trivialization	trivialisation	1
AU	trivialize	trivialise	1
AU	trivialized	trivialised	1
AU	trivializes	trivialises	1
AU	trivializing	trivialising	1
AU	trout	trouts	0
AU	trouts	trout	0
AU	troweled	trowelled	1
AU	troweling	trowelling	1
AU	tularemia	tularaemia	1
AU	tumbrel	tumbril	1
AU	tumbrels	tumbrils	1
AU	tumor	tumour	1
AU	tumor's	tumour's	1
AU	tumors	tumours	1
AU	tuna	tunas	0
AU	tunas	tuna	0
AU	tune-up	tuneup	0
AU	tune-ups	tuneups	0
AU	tuneup	tune-up	0
AU	tuneups	tune-ups	0
AU	tunneled	tunnelled	1
AU	tunneler	tunneller	1
AU	tunnelers	tunnellers	1
AU	tunneling	tunnelling	1
AU	tunnies	tunny	0
AU	tunny	tunnies	0
AU	turbot	turbots	0
AU	turbots	turbot	0
AU	turn-off	turnoff	0
AU	turn-offs	turnoffs	0
AU	turnoff	turn-off	0
AU	turnoffs	turn-offs	0
AU	turtle	turtles	0
AU	turtles	turtle	0
AU	twink	twinks	0
AU	twinks	twink	0
AU	tyeing	tying	1
AU	tyrannize	tyrannise	1
AU	tyrannized	tyrannised	1
AU	tyrannizes	tyrannises	1
AU	tyrannizing	tyrannising	1
AU	unappetizing	unappetising	1
AU	unarmored	unarmoured	1
AU	unauthorized	unauthorised	1
AU	unbaptized	unbaptised	1
AU	unbeared	unborn	1
AU	unbeknownst	unbeknown	0
AU	unbiassed	unbiased	1
AU	unborne	unborn	1
AU	uncivilized	uncivilised	1
AU	uncolored	uncoloured	1
AU	underutilize	underutilise	1
AU	underutilized	underutilised	1
AU	unequaled	unequalled	1
AU	unfavorable	unfavourable	1
AU	unfavorably	unfavourably	1
AU	unfertilized	unfertilised	1
AU	unflavored	unflavoured	1
AU	uninitialized	uninitialised	1
AU	unionization	unionisation	1
AU	unionize	unionise	1
AU	unionized	unionised	1
AU	unionizes	unionises	1
AU	unionizing	unionising	1
AU	unitize	unitise	1
AU	unitized	unitised	1
AU	unitizes	unitises	1
AU	unitizing	unitising	1
AU	universalize	universalise	1
AU	universalized	universalised	1
AU	universalizes	universalises	1
AU	universalizing	universalising	1
AU	unlabeled	unlabelled	1
AU	unlearned	unlearnt	0
AU	unlikable	unlikeable	1
AU	unorganized	unorganised	1
AU	unpasteurized	unpasteurised	1
AU	unpracticed	unpractised	1
AU	unraveled	unravelled	1
AU	unraveling	unravelling	1
AU	unrealized	unrealised	1
AU	unrecognizable	unrecognisable	1
AU	unrecognizably	unrecognisably	1
AU	unrecognized	unrecognised	1
AU	unrivaled	unrivalled	1
AU	unsavory	unsavoury	1
AU	unshakable	unshakeable	1
AU	unshoed	unshod	1
AU	unspoke	unspoken	1
AU	unsubsidized	unsubsidised	1
AU	unsynchronized	unsynchronised	1
AU	untrammeled	untrammelled	1
AU	untraveled	untravelled	1
AU	untrodden	untrod	1
AU	updraft	updraught	1
AU	updrafts	updraughts	1
AU	upward	upwards	0
AU	upwards	upward	0
AU	urbanization	urbanisation	1
AU	urbanize	urbanise	1
AU	urbanized	urbanised	1
AU	urbanizes	urbanises	1
AU	urbanizing	urbanising	1
AU	uremia	uraemia	1
AU	uremic	uraemic	1
AU	utilizable	utilisable	1
AU	utilization	utilisation	1
AU	utilize	utilise	1
AU	utilized	utilised	1
AU	utilizes	utilises	1
AU	utilizing	utilising	1
AU	vaginae	vaginas	0
AU	vaginas	vaginae	0
AU	valor	valour	1
AU	vandalize	vandalise	1
AU	vandalized	vandalised	1
AU	vandalizes	vandalises	1
AU	vandalizing	vandalising	1
AU	vapor	vapour	1
AU	vaporization	vaporisation	1
AU	vaporize	vaporise	1
AU	vaporized	vaporised	1
AU	vaporizer	vaporiser	1
AU	vaporizers	vaporisers	1
AU	vaporizes	vaporises	1
AU	vaporizing	vaporising	1
AU	vapors	vapours	1
AU	vaporware	vapourware	1
AU	vapory	vapoury	1
AU	varicolored	varicoloured	1
AU	veranda	verandah	1
AU	verandas	verandahs	1
AU	verbalization	verbalisation	1
AU	verbalize	verbalise	1
AU	verbalized	verbalised	1
AU	verbalizes	verbalises	1
AU	verbalizing	verbalising	1
AU	vertexes	vertices	0
AU	vertices	vertexes	0
AU	victimization	victimisation	1
AU	victimize	victimise	1
AU	victimized	victimised	1
AU	victimizes	victimises	1
AU	victimizing	victimising	1
AU	victualed	victualled	1
AU	victualing	victualling	1
AU	vigor	vigour	1
AU	virtualization	virtualisation	1
AU	virtuosos	virtuosi	1
AU	visualization	visualisation	1
AU	visualizations	visualisations	1
AU	visualize	visualise	1
AU	visualized	visualised	1
AU	visualizer	visualiser	1
AU	visualizer's	visualiser's	1
AU	visualizers	visualisers	1
AU	visualizes	visualises	1
AU	visualizing	visualising	1
AU	vitalization	vitalisation	1
AU	vitalize	vitalise	1
AU	vitalized	vitalised	1
AU	vitalizes	vitalises	1
AU	vitalizing	vitalising	1
AU	vocalization	vocalisation	1
AU	vocalizations	vocalisations	1
AU	vocalize	vocalise	1
AU	vocalized	vocalised	1
AU	vocalizes	vocalises	1
AU	vocalizing	vocalising	1
AU	volatilize	volatilise	1
AU	volatilized	volatilised	1
AU	volatilizes	volatilises	1
AU	volatilizing	volatilising	1
AU	vulcanization	vulcanisation	1
AU	vulcanize	vulcanise	1
AU	vulcanized	vulcanised	1
AU	vulcanizes	vulcanises	1
AU	vulcanizing	vulcanising	1
AU	vulgarization	vulgarisation	1
AU	vulgarize	vulgarise	1
AU	vulgarized	vulgarised	1
AU	vulgarizer	vulgariser	1
AU	vulgarizer's	vulgariser's	1
AU	vulgarizers	vulgarisers	1
AU	vulgarizes	vulgarises	1
AU	vulgarizing	vulgarising	1
AU	waked	woken	1
AU	wallabies	wallaby	0
AU	wallaby	wallabies	0
AU	walleye	walleyes	0
AU	walleyes	walleye	0
AU	walrus	walruses	0
AU	walruses	walrus	0
AU	wapiti	wapitis	0
AU	wapitis	wapiti	0
AU	water-skiing	waterskiing	0
AU	watercolor	watercolour	1
AU	watercolor's	watercolour's	1
AU	watercolors	watercolours	1
AU	waterfowl	waterfowls	0
AU	waterfowls	waterfowl	0
AU	waterskiing	water-skiing	0
AU	weakfish	weakfishes	0
AU	weakfishes	weakfish	0
AU	weaponization	weaponisation	1
AU	weaponize	weaponise	1
AU	weaponized	weaponised	1
AU	weaponizes	weaponises	1
AU	weaponizing	weaponising	1
AU	weasel	weasels	0
AU	weaseled	weaselled	1
AU	weaseling	weaselling	1
AU	weasels	weasel	0
AU	weatherize	weatherise	1
AU	weatherized	weatherised	1
AU	weatherizes	weatherises	1
AU	weatherizing	weatherising	1
AU	westernization	westernisation	1
AU	westernize	westernise	1
AU	westernized	westernised	1
AU	westernizes	westernises	1
AU	westernizing	westernising	1
AU	whale	whales	0
AU	whales	whale	0
AU	whingeing	whinging	0
AU	whinging	whingeing	0
AU	whir	whirr	1
AU	whirs	whirrs	1
AU	whiskey	whisky	1
AU	whiskey's	whisky's	1
AU	whiskeys	whiskies	1
AU	whitefish	whitefishes	0
AU	whitefishes	whitefish	0
AU	whiting	whitings	0
AU	whitings	whiting	0
AU	whiz	whizz	1
AU	whiz's	whizz's	1
AU	wi-fi	wifi	0
AU	wifi	wi-fi	0
AU	wildcat	wildcats	0
AU	wildcats	wildcat	0
AU	wildebeest	wildebeests	0
AU	wildebeests	wildebeest	0
AU	willful	wilful	1
AU	willfully	wilfully	1
AU	willfulness	wilfulness	1
AU	windburnt	windburned	1
AU	wingeing	winging	1
AU	winterize	winterise	1
AU	winterized	winterised	1
AU	winterizes	winterises	1
AU	winterizing	winterising	1
AU	wolf	wolves	0
AU	wolves	wolf	0
AU	womanize	womanise	1
AU	womanized	womanised	1
AU	womanizer	womaniser	1
AU	womanizer's	womaniser's	1
AU	womanizers	womanisers	1
AU	womanizes	womanises	1
AU	womanizing	womanising	1
AU	woolen	woollen	1
AU	woolens	woollens	1
AU	worshiped	worshipped	1
AU	worshiper	worshipper	1
AU	worshiper's	worshipper's	1
AU	worshipers	worshippers	1
AU	worshiping	worshipping	1
AU	yodeled	yodelled	1
AU	yodeler	yodeller	1
AU	yodeler's	yodeller's	1
AU	yodelers	yodellers	1
AU	yodeling	yodelling	1
AU	yogurt	yoghurt	1
AU	yogurt's	yoghurt's	1
AU	yogurts	yoghurts	1
AU	zebra	zebras	0
AU	zebras	zebra	0
AU	zillion	zillions	0
AU	zillions	zillion	0
